ano,mes,dia,MSRP,valorUnitario,quantidadeEncomendada,vendas,linhaDeProduto_cod
2003,2,24,95,95.7,30,2871.0,1
2003,5,07,95,81.35,34,2765.9,1
2003,7,01,95,94.74,41,3884.34,1
2003,8,25,95,83.26,45,3746.7,1
2003,10,10,95,100.0,49,5205.27,1
2003,10,28,95,96.66,36,3479.76,1
2003,11,11,95,86.13,29,2497.77,1
2003,11,18,95,100.0,48,5512.32,1
2003,12,01,95,98.57,22,2168.54,1
2004,1,15,95,100.0,41,4708.44,1
2004,2,20,95,100.0,37,3965.66,1
2004,4,05,95,100.0,23,2333.12,1
2004,5,18,95,100.0,28,3188.64,1
2004,6,28,95,100.0,34,3676.76,1
2004,7,23,95,92.83,45,4177.35,1
2004,8,27,95,100.0,36,4099.68,1
2004,9,30,95,100.0,23,2597.39,1
2004,10,15,95,100.0,41,4394.38,1
2004,11,02,95,94.74,46,4358.04,1
2004,11,15,95,100.0,42,4396.14,1
2004,11,24,95,100.0,41,7737.93,1
2004,12,17,95,72.55,20,1451.0,1
2005,2,03,95,34.91,21,733.11,1
2005,3,03,95,76.36,42,3207.12,1
2005,4,08,95,100.0,24,2434.56,1
2003,1,29,214,100.0,26,5404.62,2
2003,3,24,214,100.0,29,7209.11,2
2003,5,28,214,100.0,38,7329.06,2
2003,7,24,214,100.0,37,7374.1,2
2003,9,19,214,100.0,45,10993.5,2
2003,10,20,214,100.0,21,4860.24,2
2003,11,06,214,100.0,34,8014.82,2
2003,11,13,214,100.0,23,5372.57,2
2003,11,25,214,100.0,42,7290.36,2
2003,12,05,214,100.0,47,9064.89,2
2004,1,29,214,100.0,35,6075.3,2
2004,3,10,214,100.0,29,6463.23,2
2004,5,04,214,100.0,34,6120.34,2
2004,6,15,214,100.0,32,7680.64,2
2004,7,19,214,100.0,21,4905.39,2
2004,8,17,214,100.0,34,8014.82,2
2004,9,08,214,100.0,37,7136.19,2
2004,10,11,214,100.0,47,10172.7,2
2004,10,21,214,100.0,48,11623.7,2
2004,11,04,214,100.0,40,6000.4,2
2004,11,18,214,100.0,26,3003.0,2
2004,11,29,214,100.0,30,3944.7,2
2004,12,10,214,100.0,32,5691.84,2
2005,1,20,214,100.0,41,4514.92,2
2005,2,17,214,100.0,36,8254.8,2
2005,3,09,214,100.0,24,2416.56,2
2005,5,01,214,100.0,23,4140.23,2
2003,2,24,118,99.91,39,3896.49,1
2003,4,29,118,96.34,29,2793.86,1
2003,7,01,118,100.0,27,3307.77,1
2003,8,25,118,100.0,37,5192.95,1
2003,10,10,118,100.0,37,5016.83,1
2003,10,28,118,100.0,27,3660.93,1
2003,11,11,118,100.0,42,4695.6,1
2003,11,18,118,96.34,38,3660.92,1
2003,12,01,118,100.0,24,3025.92,1
2004,1,12,118,100.0,23,3009.09,1
2004,2,20,118,100.0,47,5422.39,1
2004,4,03,118,100.0,22,2852.08,1
2004,5,18,118,100.0,44,5756.52,1
2004,6,28,118,100.0,40,4472.0,1
2004,7,23,118,100.0,22,2904.44,1
2004,8,27,118,100.0,47,6484.59,1
2004,9,27,118,96.34,39,3757.26,1
2004,10,15,118,100.0,34,4043.96,1
2004,11,02,118,100.0,45,5566.5,1
2004,11,15,118,100.0,20,3176.0,1
2004,11,23,118,68.92,40,2756.8,1
2004,12,17,118,51.15,26,1329.9,1
2005,2,02,118,100.0,39,5288.01,1
2005,3,03,118,44.51,50,2225.5,1
2005,4,07,118,100.0,45,5833.8,1
2003,2,24,193,100.0,27,6065.55,1
2003,4,29,193,100.0,46,9264.86,1
2003,7,01,193,100.0,31,7023.98,1
2003,8,25,193,100.0,33,5176.38,1
2003,10,10,193,100.0,22,4132.7,1
2003,10,28,193,100.0,20,4183.0,1
2003,11,11,193,100.0,41,8892.9,1
2003,11,18,193,100.0,45,8714.7,1
2003,12,01,193,100.0,49,8065.89,1
2004,1,12,193,100.0,34,6123.4,1
2004,2,20,193,100.0,49,9774.03,1
2004,4,05,193,100.0,39,7023.9,1
2004,5,18,193,100.0,43,7078.23,1
2004,6,28,193,100.0,41,8336.94,1
2004,7,23,193,100.0,36,6901.92,1
2004,8,27,193,100.0,27,5438.07,1
2004,9,30,193,100.0,29,6683.34,1
2004,10,15,193,100.0,20,4570.4,1
2004,11,02,193,100.0,37,7667.14,1
2004,11,15,193,100.0,26,5868.2,1
2004,11,23,193,76.67,39,2990.13,1
2005,1,05,193,100.0,22,3664.1,1
2005,2,02,193,100.0,22,3834.38,1
2005,3,03,193,86.77,21,1822.17,1
2005,4,08,193,100.0,66,11886.6,1
2003,2,11,136,100.0,50,7208.0,2
2003,4,28,136,100.0,46,5004.8,2
2003,6,12,136,100.0,33,4398.24,2
2003,8,10,136,100.0,49,5597.76,2
2003,10,06,136,100.0,32,4526.08,2
2003,11,08,136,100.0,24,3492.48,2
2003,11,14,136,100.0,26,3854.24,2
2003,11,26,136,100.0,45,5324.4,2
2004,1,09,136,100.0,39,5197.92,2
2004,2,19,136,100.0,49,5997.6,2
2004,6,17,136,100.0,27,3378.24,2
2004,7,21,136,100.0,30,3508.8,2
2004,8,20,136,100.0,25,2992.0,2
2004,9,10,136,100.0,24,3427.2,2
2004,10,14,136,100.0,22,2692.8,2
2004,11,01,136,100.0,33,4128.96,2
2004,11,05,136,64.93,47,3051.71,2
2004,11,21,136,48.05,25,1201.25,2
2004,12,02,136,75.47,26,1962.22,2
2004,12,15,136,54.68,48,2624.64,2
2005,1,31,136,100.0,39,4046.25,2
2005,2,23,136,100.0,34,4846.7,2
2005,3,17,136,100.0,32,3370.56,2
2005,4,01,136,100.0,64,9661.44,2
2003,1,29,147,100.0,42,5398.26,2
2003,4,01,147,100.0,31,4305.28,2
2003,5,28,147,100.0,22,3347.74,2
2003,7,24,147,100.0,26,3188.12,2
2003,9,19,147,100.0,20,3191.2,2
2003,11,06,147,100.0,33,5362.83,2
2003,11,13,147,100.0,28,3433.36,2
2003,11,25,147,100.0,26,4263.74,2
2003,12,09,147,100.0,31,4076.19,2
2004,2,04,147,100.0,48,7020.48,2
2004,3,11,147,100.0,50,6426.5,2
2004,5,04,147,100.0,28,4591.72,2
2004,6,15,147,100.0,26,4033.38,2
2004,7,19,147,100.0,32,4302.08,2
2004,8,19,147,100.0,44,7020.64,2
2004,9,08,147,100.0,30,3855.9,2
2004,10,13,147,100.0,38,6680.78,2
2004,10,22,147,100.0,40,6678.0,2
2004,11,04,147,61.99,46,2851.54,2
2004,11,29,147,100.0,27,4428.0,2
2004,12,10,147,100.0,43,5780.92,2
2005,1,20,147,65.63,35,2297.05,2
2005,2,17,147,100.0,37,6231.54,2
2005,3,09,147,46.9,37,1735.3,2
2005,5,01,147,100.0,27,4427.73,2
2003,3,03,194,100.0,33,5265.15,2
2003,5,08,194,100.0,42,7599.9,2
2003,7,02,194,100.0,42,8008.56,2
2003,9,05,194,100.0,48,9245.76,2
2003,10,10,194,100.0,41,8296.35,2
2003,11,04,194,100.0,30,5019.9,2
2003,11,12,194,100.0,27,5411.07,2
2003,11,20,194,100.0,21,3840.9,2
2003,12,02,194,100.0,20,3930.4,2
2004,1,15,194,100.0,41,7498.9,2
2004,2,22,194,100.0,27,4517.91,2
2004,4,09,194,100.0,28,5774.72,2
2004,7,06,194,100.0,44,9160.36,2
2004,8,02,194,100.0,50,9631.0,2
2004,8,30,194,100.0,21,3432.24,2
2003,10,04,194,100.0,33,5521.89,2
2004,10,16,194,100.0,33,6934.62,2
2004,11,03,194,100.0,31,6876.11,2
2004,11,15,194,71.47,41,2930.27,2
2004,11,24,194,79.65,45,3584.25,2
2005,1,06,194,85.39,33,2817.87,2
2005,2,03,194,76.0,45,3420.0,2
2005,3,03,194,99.04,26,2575.04,2
2005,5,17,194,100.0,12,1961.28,2
2003,2,11,207,100.0,41,8690.36,2
2003,4,16,207,100.0,33,6034.38,2
2003,6,03,207,100.0,46,11279.2,2
2003,8,08,207,100.0,33,8023.29,2
2003,9,28,207,100.0,20,4904.0,2
2003,10,22,207,100.0,44,8594.52,2
2003,11,06,207,100.0,33,7474.5,2
2003,11,14,207,100.0,21,3883.74,2
2003,11,26,207,100.0,47,8887.7,2
2004,1,02,207,100.0,46,8602.92,2
2004,2,12,207,100.0,32,7181.44,2
2004,3,19,207,100.0,42,8378.58,2
2004,5,05,207,100.0,44,10606.2,2
2004,7,20,207,100.0,35,5818.4,2
2004,8,20,207,100.0,41,7071.27,2
2004,9,09,207,100.0,46,8411.56,2
2004,10,14,207,100.0,31,6570.76,2
2004,10,22,207,100.0,38,7975.44,2
2004,11,05,207,64.0,42,2688.0,2
2004,11,20,207,57.22,33,1888.26,2
2004,11,01,207,52.36,48,2513.28,2
2004,12,15,207,100.0,42,4764.48,2
2005,1,23,207,100.0,32,3560.64,2
2005,2,17,207,100.0,34,3823.64,2
2005,3,17,207,69.12,33,2280.96,2
2005,5,05,207,100.0,36,8677.8,2
2003,1,29,136,100.0,27,3394.98,3
2003,3,26,136,100.0,21,3415.44,3
2003,5,28,136,100.0,21,2439.57,3
2003,7,24,136,100.0,38,4829.8,3
2003,9,19,136,100.0,30,4100.1,3
2003,11,06,136,100.0,43,6817.22,3
2003,11,13,136,100.0,41,6163.94,3
2003,11,25,136,100.0,38,4933.92,3
2003,12,05,136,100.0,28,4056.36,3
2004,2,02,136,100.0,43,5759.42,3
2004,3,11,136,100.0,25,3451.0,3
2004,5,04,136,100.0,38,5920.4,3
2004,6,15,136,100.0,41,6668.24,3
2004,7,19,136,100.0,28,4094.72,3
2004,8,19,136,100.0,25,2938.5,3
2004,9,08,136,100.0,41,6387.8,3
2004,10,11,136,100.0,39,6396.0,3
2004,10,22,136,100.0,21,2669.1,3
2004,11,04,136,100.0,27,4784.13,3
2004,11,18,136,99.21,33,3273.93,3
2004,11,29,136,100.0,29,3586.43,3
2004,12,10,136,100.0,49,5960.36,3
2005,1,20,136,100.0,49,8470.14,3
2005,2,17,136,100.0,20,2952.0,3
2005,3,09,136,63.2,39,2464.8,3
2005,5,01,136,100.0,40,6232.0,3
2003,2,24,150,100.0,21,3036.6,1
2003,5,07,150,100.0,50,8284.0,1
2003,7,01,150,100.0,20,2711.2,1
2003,8,25,150,100.0,49,8339.8,1
2003,10,10,150,100.0,38,6238.84,1
2003,11,04,150,100.0,35,4639.25,1
2003,11,11,150,100.0,40,6747.6,1
2003,11,18,150,100.0,28,4512.48,1
2003,12,01,150,100.0,25,4029.0,1
2004,1,15,150,100.0,36,4771.8,1
2004,2,21,150,100.0,43,6087.94,1
2004,4,05,150,100.0,32,4193.28,1
2004,5,18,150,100.0,46,7552.28,1
2004,6,28,150,100.0,48,6434.4,1
2004,8,02,150,100.0,43,5181.5,1
2004,8,27,150,100.0,49,6863.92,1
2004,9,30,150,100.0,24,4157.04,1
2004,10,15,150,100.0,26,4660.24,1
2004,11,03,150,100.0,30,4111.8,1
2004,11,15,150,100.0,24,3542.64,1
2004,11,24,150,100.0,55,8118.55,1
2005,1,05,150,100.0,22,3877.06,1
2005,2,03,150,78.92,49,3867.08,1
2005,3,03,150,100.0,44,5951.44,1
2005,4,08,150,100.0,66,8648.64,1
2003,1,31,151,100.0,34,5958.5,2
2003,4,16,151,100.0,43,5911.64,2
2003,6,03,151,100.0,46,7366.44,2
2003,8,08,151,100.0,33,4985.64,2
2003,9,28,151,100.0,42,5393.64,2
2003,10,22,151,100.0,34,4880.02,2
2003,11,06,151,100.0,47,8378.69,2
2003,11,14,151,100.0,33,4038.21,2
2003,11,26,151,100.0,24,3807.12,2
2004,1,02,151,100.0,26,3142.36,2
2004,2,12,151,100.0,30,4713.6,2
2004,3,15,151,100.0,43,7016.31,2
2004,5,05,151,100.0,25,4381.25,2
2004,7,20,151,100.0,27,4283.01,2
2004,8,20,151,100.0,27,4364.82,2
2004,9,09,151,100.0,24,4242.24,2
2004,10,14,151,100.0,34,4982.7,2
2004,10,22,151,100.0,46,6393.54,2
2004,11,05,151,54.33,27,1466.91,2
2004,11,20,151,100.0,33,4059.33,2
2004,11,01,151,100.0,47,4801.52,2
2004,12,10,151,55.34,49,2711.66,2
2005,1,26,151,100.0,40,5862.0,2
2005,2,17,151,100.0,37,4071.85,2
2005,5,05,151,100.0,47,8236.75,2
2003,3,03,117,100.0,45,6130.35,2
2003,5,08,117,99.82,37,3693.34,2
2003,7,02,117,100.0,48,6031.68,2
2003,9,05,117,100.0,31,3494.94,2
2003,10,11,117,100.0,46,5294.14,2
2003,11,04,117,100.0,47,5464.69,2
2003,11,12,117,100.0,28,2860.76,2
2003,11,20,117,100.0,40,5590.0,2
2003,12,02,117,100.0,20,2254.8,2
2004,1,16,117,100.0,39,4946.76,2
2004,2,22,117,99.82,25,2495.5,2
2004,4,09,117,100.0,29,3167.38,2
2004,7,06,117,100.0,22,2454.54,2
2004,8,02,117,100.0,47,5464.69,2
2004,8,30,117,100.0,45,4756.5,2
2003,10,04,117,100.0,29,3984.6,2
2004,10,16,117,100.0,24,3100.32,2
2004,11,03,117,100.0,35,4850.3,2
2004,11,15,117,83.63,46,3846.98,2
2004,11,24,117,95.93,44,4220.92,2
2005,1,06,117,96.73,34,3288.82,2
2005,2,08,117,100.0,35,3987.2,2
2005,3,03,117,72.38,25,1809.5,2
2005,5,17,117,100.0,10,1092.2,2
2003,2,11,173,100.0,29,4566.05,2
2003,4,16,173,100.0,39,5938.14,2
2003,6,03,173,100.0,42,8138.76,2
2003,8,08,173,100.0,46,9470.94,2
2003,9,28,173,100.0,49,7036.89,2
2003,10,22,173,100.0,27,5559.03,2
2003,11,06,173,100.0,50,7872.5,2
2003,11,14,173,100.0,43,7886.2,2
2003,11,26,173,100.0,38,7232.16,2
2004,1,02,173,100.0,20,3114.4,2
2004,2,12,173,100.0,27,5045.22,2
2004,3,19,173,100.0,49,6952.12,2
2004,5,05,173,100.0,27,4157.73,2
2004,7,20,173,100.0,39,7962.24,2
2004,8,20,173,100.0,24,3778.8,2
2004,9,09,173,100.0,45,8253.0,2
2004,10,14,173,100.0,20,3633.4,2
2004,10,22,173,100.0,36,6913.8,2
2004,11,05,173,100.0,24,2583.6,2
2004,11,20,173,63.38,49,3105.62,2
2004,12,01,173,100.0,26,4408.56,2
2004,12,15,173,62.09,49,3042.41,2
2005,1,26,173,100.0,34,5941.5,2
2005,2,17,173,95.35,34,3241.9,2
2005,3,23,173,100.0,33,6109.29,2
2005,5,05,173,100.0,22,3387.78,2
2003,3,03,79,89.38,39,3485.82,2
2003,5,08,79,63.84,32,2042.88,2
2003,7,02,79,75.01,24,1800.24,2
2003,9,05,79,63.84,21,1340.64,2
2003,10,10,79,73.42,24,1762.08,2
2003,11,04,79,63.84,36,2298.24,2
2003,11,12,79,81.4,20,1628.0,2
2003,11,20,79,64.64,30,1939.2,2
2003,12,02,79,82.99,44,3651.56,2
2004,1,15,79,92.57,28,2591.96,2
2004,2,22,79,77.41,37,2864.17,2
2004,4,09,79,74.21,20,1484.2,2
2004,7,06,79,76.61,35,2681.35,2
2004,8,02,79,83.79,38,3184.02,2
2004,8,30,79,69.43,41,2846.63,2
2003,10,04,79,76.61,22,1685.42,2
2004,10,16,79,81.4,49,3988.6,2
2004,11,03,79,73.42,38,2789.96,2
2004,11,15,79,100.0,33,3607.56,2
2004,11,24,79,93.56,36,3368.16,2
2005,1,06,79,81.62,34,2775.08,2
2005,2,09,79,67.83,24,1627.92,2
2005,3,03,79,70.26,36,2529.36,2
2005,5,17,79,90.17,34,3065.78,2
2003,1,31,118,100.0,41,4615.78,3
2003,4,04,118,100.0,46,5723.78,3
2003,6,03,118,100.0,24,2559.6,3
2003,8,01,118,100.0,21,2140.11,3
2003,9,21,118,100.0,24,3327.6,3
2003,10,22,118,100.0,48,6825.6,3
2003,11,06,118,100.0,26,3543.28,3
2003,11,14,118,100.0,37,4516.22,3
2003,11,25,118,100.0,49,6445.46,3
2003,12,09,118,99.54,34,3384.36,3
2004,2,10,118,100.0,48,4891.68,3
2004,3,11,118,100.0,36,4521.96,3
2004,5,05,118,100.0,46,5069.66,3
2004,6,15,118,100.0,46,6541.2,3
2004,7,20,118,97.17,31,3012.27,3
2004,8,19,118,100.0,41,5247.18,3
2004,9,08,118,100.0,21,2214.87,3
2004,10,13,118,100.0,38,4773.18,3
2004,10,22,118,100.0,45,6185.7,3
2004,11,05,118,58.38,26,1517.88,3
2004,11,20,118,100.0,38,6372.6,3
2004,12,01,118,100.0,48,5232.96,3
2004,12,10,118,64.16,42,2694.72,3
2005,1,23,118,35.71,49,1749.79,3
2005,2,17,118,66.58,32,2130.56,3
2005,5,03,118,100.0,54,5951.34,3
2003,3,03,115,100.0,36,3731.04,2
2003,5,08,115,100.0,20,2142.0,2
2003,7,02,115,97.89,29,2838.81,2
2003,9,05,115,97.89,33,3230.37,2
2003,10,11,115,100.0,50,5182.0,2
2003,11,04,115,100.0,41,4391.1,2
2003,11,12,115,100.0,36,4477.32,2
2003,11,20,115,100.0,27,3544.56,2
2003,12,02,115,100.0,47,5195.85,2
2004,1,16,115,100.0,33,4180.44,2
2004,2,22,115,100.0,21,2684.43,2
2004,4,12,115,93.28,21,1958.88,2
2004,7,06,115,100.0,40,4468.4,2
2004,8,04,115,100.0,28,3127.88,2
2004,8,30,115,100.0,23,2675.13,2
2003,10,04,115,100.0,23,2807.61,2
2004,10,16,115,100.0,25,2504.75,2
2004,11,04,115,100.0,24,2984.88,2
2004,11,15,115,64.74,39,2524.86,2
2004,11,24,115,75.2,55,4136.0,2
2005,1,06,115,88.45,46,4068.7,2
2005,2,09,115,100.0,50,5182.0,2
2005,3,03,115,100.0,47,5243.79,2
2005,4,14,115,93.28,97,9048.16,2
2005,5,17,115,100.0,32,3832.64,2
2003,1,29,116,100.0,35,3920.0,3
2003,3,26,116,100.0,49,4916.66,3
2003,5,28,116,100.0,38,3857.0,3
2003,7,24,116,100.0,32,4181.44,3
2003,9,19,116,100.0,34,4641.0,3
2003,11,06,116,93.34,48,4480.32,3
2003,11,13,116,96.84,21,2033.64,3
2003,11,25,116,93.34,21,1960.14,3
2003,12,05,116,100.0,34,3966.78,3
2004,1,29,116,100.0,46,5152.0,3
2004,3,10,116,100.0,32,3360.0,3
2004,5,04,116,100.0,29,3451.0,3
2004,6,15,116,100.0,41,5453.0,3
2004,7,19,116,96.84,43,4164.12,3
2004,8,17,116,100.0,24,2800.08,3
2004,9,08,116,100.0,41,4687.94,3
2004,10,11,116,98.0,46,4508.0,3
2004,10,21,116,100.0,32,4181.44,3
2004,11,04,116,100.0,22,2251.04,3
2004,11,18,116,40.25,29,1167.25,3
2004,11,29,116,49.6,42,2083.2,3
2004,12,10,116,98.0,39,3822.0,3
2005,1,20,116,100.0,27,3911.49,3
2005,2,17,116,98.0,48,4704.0,3
2005,3,09,116,85.1,29,2467.9,3
2005,5,01,116,100.0,27,3213.0,3
2003,3,10,141,100.0,26,4379.18,2
2003,5,08,141,100.0,34,5004.8,2
2003,7,04,141,100.0,25,3644.75,2
2003,9,11,141,100.0,23,2702.04,2
2003,10,17,141,100.0,28,3764.88,2
2003,11,05,141,100.0,35,4508.0,2
2003,11,12,141,100.0,44,5418.16,2
2003,11,20,141,100.0,22,3300.66,2
2003,12,02,141,100.0,42,6182.4,2
2004,1,16,141,100.0,29,4186.73,2
2004,2,22,141,100.0,32,4529.28,2
2004,4,13,141,100.0,41,5628.89,2
2004,7,06,141,100.0,21,2526.51,2
2004,8,06,141,100.0,34,4667.86,2
2004,8,30,141,100.0,41,6499.32,2
2003,10,05,141,100.0,37,5917.78,2
2004,10,16,141,100.0,37,6231.91,2
2004,11,04,141,100.0,41,5803.14,2
2004,11,17,141,100.0,46,6434.02,2
2004,11,24,141,100.0,40,6454.4,2
2004,12,09,141,97.6,43,4196.8,2
2005,1,07,141,87.06,30,2611.8,2
2005,2,09,141,100.0,35,5895.05,2
2005,3,04,141,93.77,36,3375.72,2
2005,5,17,141,100.0,38,4464.24,2
2003,1,10,102,100.0,39,4808.31,4
2003,3,25,102,99.66,33,3288.78,4
2003,5,21,102,100.0,32,3254.72,4
2003,7,16,102,100.0,31,3184.94,4
2003,9,12,102,100.0,50,5907.5,4
2003,10,18,102,91.44,48,4389.12,4
2003,11,05,102,100.0,43,5036.16,4
2003,11,12,102,87.33,25,2183.25,4
2003,11,21,102,100.0,28,3106.88,4
2003,12,03,102,100.0,36,3735.72,4
2004,1,29,102,89.38,27,2413.26,4
2004,3,02,102,100.0,25,2953.75,4
2004,4,29,102,100.0,40,4684.8,4
2004,6,08,102,95.55,34,3248.7,4
2004,8,17,102,100.0,50,5239.5,4
2004,9,03,102,100.0,38,4567.98,4
2004,10,11,102,95.55,37,3535.35,4
2004,10,21,102,89.38,43,3843.34,4
2004,11,04,102,86.3,43,3710.9,4
2004,11,17,102,95.13,46,4375.98,4
2004,11,29,102,36.11,42,1516.62,4
2004,12,09,102,50.18,50,2509.0,4
2005,1,20,102,100.0,44,9240.44,4
2005,2,16,102,93.16,27,2515.32,4
2005,3,09,102,100.0,35,5548.9,4
2003,1,10,53,50.14,41,2055.74,4
2003,3,25,53,49.06,48,2354.88,4
2003,5,28,53,54.99,42,2309.58,4
2003,7,16,53,43.13,49,2113.37,4
2003,9,12,53,58.22,30,1746.6,4
2003,10,18,53,51.21,45,2304.45,4
2003,11,05,53,44.21,48,2122.08,4
2003,11,12,53,54.45,32,1742.4,4
2003,11,21,53,53.37,46,2455.02,4
2003,12,03,53,63.61,48,3053.28,4
2004,1,29,53,43.13,33,1423.29,4
2004,3,02,53,48.52,31,1504.12,4
2004,4,29,53,58.22,20,1164.4,4
2004,6,08,53,51.75,29,1500.75,4
2004,8,17,53,57.68,27,1557.36,4
2004,9,03,53,56.07,24,1345.68,4
2004,10,11,53,48.52,37,1795.24,4
2004,10,21,53,44.21,25,1105.25,4
2004,11,04,53,57.68,41,2364.88,4
2004,11,17,53,89.89,27,2427.03,4
2004,11,29,53,58.95,21,1237.95,4
2004,12,09,53,72.41,22,1593.02,4
2005,1,20,53,98.63,32,3156.16,4
2005,2,17,53,52.83,25,1320.75,4
2005,3,09,53,100.0,42,4998.0,4
2003,3,18,124,100.0,37,5433.08,2
2003,5,20,124,100.0,26,3073.72,2
2003,7,10,124,99.55,44,4380.2,2
2003,9,11,124,100.0,47,5848.68,2
2003,10,17,124,100.0,43,6153.73,2
2003,11,05,124,100.0,42,4965.24,2
2003,11,12,124,100.0,42,5435.64,2
2003,11,20,124,100.0,29,4258.36,2
2003,12,02,124,100.0,40,4032.0,2
2004,1,16,124,100.0,38,4492.36,2
2004,2,26,124,100.0,38,4161.38,2
2004,4,13,124,100.0,21,2508.66,2
2004,7,06,124,100.0,36,5196.6,2
2004,8,06,124,100.0,23,2604.52,2
2004,9,01,124,100.0,20,2936.8,2
2003,10,05,124,100.0,32,3424.64,2
2004,10,16,124,100.0,29,2923.2,2
2004,11,04,124,100.0,44,4489.76,2
2004,11,17,124,100.0,44,4849.24,2
2004,11,24,124,100.0,36,5848.92,2
2005,2,10,124,42.64,34,1449.76,2
2005,5,17,124,100.0,37,5202.94,2
2003,2,17,157,100.0,36,5279.4,5
2003,4,28,157,100.0,43,6916.12,5
2003,6,16,157,100.0,21,2781.66,5
2003,8,10,157,100.0,32,5248.0,5
2003,10,06,157,100.0,38,6531.44,5
2003,11,08,157,100.0,42,6490.68,5
2003,11,14,157,100.0,32,6004.8,5
2003,11,27,157,100.0,42,7483.98,5
2004,1,12,157,100.0,31,5719.5,5
2004,2,19,157,100.0,49,6954.08,5
2004,5,11,157,100.0,45,8160.3,5
2004,7,21,157,100.0,41,6724.0,5
2004,8,21,157,100.0,45,5747.85,5
2004,9,15,157,100.0,36,5676.84,5
2004,10,14,157,100.0,39,7379.97,5
2004,11,01,157,100.0,27,3704.13,5
2004,11,22,157,100.0,41,5624.79,5
2004,12,03,157,99.52,39,3881.28,5
2005,1,31,157,57.55,28,1611.4,5
2005,3,30,157,100.0,33,4215.09,5
2005,4,01,157,100.0,34,6433.82,5
2005,5,10,157,100.0,24,4352.16,5
2003,1,06,170,100.0,30,5151.0,4
2003,3,18,170,100.0,42,6069.0,4
2003,5,21,170,100.0,21,2856.0,4
2003,9,12,170,100.0,34,5375.4,4
2003,10,18,170,100.0,29,5176.5,4
2003,11,05,170,100.0,24,3508.8,4
2003,11,12,170,100.0,44,7554.8,4
2003,11,21,170,100.0,21,3141.6,4
2003,12,02,170,100.0,33,5890.5,4
2004,1,26,170,100.0,30,5967.0,4
2004,3,02,170,100.0,26,3712.8,4
2004,4,13,170,100.0,41,7597.3,4
2004,8,17,170,100.0,26,3668.6,4
2004,9,01,170,100.0,32,5875.2,4
2003,10,06,170,100.0,43,7310.0,4
2004,10,21,170,100.0,48,8078.4,4
2004,11,17,170,74.04,44,3257.76,4
2004,11,25,170,100.0,45,7650.0,4
2005,2,10,170,100.0,39,5399.55,4
2003,3,03,77,82.39,38,3130.82,2
2003,5,08,77,72.38,43,3112.34,2
2003,7,02,77,79.31,48,3806.88,2
2003,9,05,77,82.39,26,2142.14,2
2003,10,11,77,88.55,38,3364.9,2
2003,11,04,77,63.14,20,1262.8,2
2003,11,12,77,73.92,22,1626.24,2
2003,11,20,77,90.86,45,4088.7,2
2003,12,02,77,85.47,45,3846.15,2
2004,1,16,77,66.99,20,1339.8,2
2004,2,22,77,64.68,47,3039.96,2
2004,4,12,77,73.92,46,3400.32,2
2004,7,06,77,74.69,33,2464.77,2
2004,8,06,77,90.86,29,2634.94,2
2004,8,30,77,82.39,44,3625.16,2
2003,10,04,77,92.4,41,3788.4,2
2004,10,16,77,91.63,20,1832.6,2
2004,11,04,77,78.54,37,2905.98,2
2004,11,15,77,100.0,29,2954.81,2
2004,11,24,77,65.45,55,3599.75,2
2005,1,06,77,100.0,22,3686.54,2
2005,2,09,77,67.76,31,2100.56,2
2005,3,03,77,79.22,49,3881.78,2
2005,4,14,77,73.92,61,4509.12,2
2005,5,17,77,83.93,39,3273.27,2
2003,3,10,142,100.0,38,4432.7,2
2003,5,08,142,100.0,31,4100.99,2
2003,7,04,142,100.0,36,5274.72,2
2003,9,11,142,100.0,25,4232.0,2
2003,10,17,142,100.0,48,6145.44,2
2003,11,05,142,100.0,35,4680.2,2
2003,11,12,142,100.0,21,3286.08,2
2003,11,20,142,100.0,47,7421.3,2
2003,12,02,142,100.0,38,6432.64,2
2004,1,16,142,100.0,41,4840.87,2
2004,2,26,142,100.0,24,3892.08,2
2004,4,13,142,100.0,37,5526.32,2
2004,7,06,142,100.0,49,6203.4,2
2004,8,06,142,100.0,29,3754.05,2
2004,8,30,142,100.0,24,3516.48,2
2003,10,05,142,100.0,47,7488.04,2
2004,10,16,142,100.0,24,3448.08,2
2004,11,04,142,100.0,25,3734.0,2
2004,11,17,142,32.47,30,974.1,2
2004,11,24,142,100.0,22,3160.74,2
2004,12,09,142,64.69,27,1746.63,2
2005,1,10,142,100.0,34,4207.84,2
2005,2,09,142,100.0,36,4352.76,2
2005,3,04,142,43.05,34,1463.7,2
2005,5,17,142,100.0,34,4594.76,2
2003,1,31,163,100.0,24,3457.92,2
2003,4,04,163,100.0,46,7381.16,2
2003,6,03,163,100.0,45,7146.9,2
2003,8,01,163,100.0,39,5938.53,2
2003,9,21,163,100.0,43,7110.91,2
2003,10,22,163,100.0,29,5032.95,2
2003,11,06,163,100.0,20,3667.6,2
2003,11,14,163,100.0,46,7381.16,2
2003,11,25,163,100.0,27,5128.11,2
2003,12,09,163,100.0,44,7060.24,2
2004,2,10,163,100.0,43,8448.64,2
2004,3,15,163,100.0,49,7300.51,2
2004,5,05,163,100.0,40,6549.2,2
2004,6,15,163,100.0,30,5697.9,2
2004,7,20,163,100.0,50,9169.0,2
2004,8,20,163,100.0,23,3238.63,2
2004,9,08,163,100.0,26,4554.94,2
2004,10,13,163,100.0,27,3934.44,2
2004,10,22,163,100.0,42,5776.26,2
2004,11,05,163,100.0,47,7207.45,2
2004,11,20,163,100.0,49,7460.74,2
2004,12,01,163,100.0,38,6719.54,2
2004,12,10,163,100.0,20,2428.0,2
2005,1,23,163,100.0,25,2602.25,2
2005,2,17,163,88.0,25,2200.0,2
2005,5,03,163,100.0,41,6712.93,2
2003,1,06,60,67.8,50,3390.0,4
2003,3,18,60,50.25,32,1608.0,4
2003,5,21,60,53.88,42,2262.96,4
2003,9,12,60,62.36,24,1496.64,4
2003,10,18,60,69.62,27,1879.74,4
2003,11,05,60,57.51,26,1495.26,4
2003,11,12,60,61.15,38,2323.7,4
2003,11,21,60,59.33,42,2491.86,4
2003,12,02,60,71.44,23,1643.12,4
2004,1,26,60,62.96,21,1322.16,4
2004,3,02,60,50.85,28,1423.8,4
2004,4,13,60,72.65,33,2397.45,4
2004,8,17,60,62.96,25,1574.0,4
2004,9,01,60,61.75,28,1729.0,4
2004,10,06,60,49.04,46,2255.84,4
2004,10,21,60,61.15,30,1834.5,4
2004,11,17,60,84.25,38,3201.5,4
2004,11,25,60,56.91,40,2276.4,4
2005,2,10,60,49.3,27,1331.1,4
2003,1,31,122,100.0,29,3772.61,3
2003,4,01,122,100.0,39,4164.42,3
2003,6,03,122,100.0,45,6295.95,3
2003,8,01,122,100.0,47,6287.66,3
2003,9,21,122,100.0,49,5412.54,3
2003,10,22,122,100.0,46,5984.14,3
2003,11,06,122,100.0,48,5891.04,3
2003,11,14,122,100.0,46,5984.14,3
2003,11,25,122,100.0,35,3608.15,3
2003,12,09,122,100.0,43,5752.54,3
2004,3,11,122,100.0,26,3765.32,3
2004,5,05,122,98.18,22,2159.96,3
2004,6,15,122,99.41,34,3379.94,3
2004,7,20,122,100.0,50,5093.5,3
2004,8,19,122,100.0,48,5773.44,3
2004,9,08,122,100.0,41,4528.86,3
2004,10,13,122,100.0,36,4816.08,3
2004,10,22,122,100.0,29,3416.78,3
2004,11,05,122,37.48,33,1236.84,3
2004,12,01,122,100.0,38,5223.48,3
2004,12,10,122,36.42,20,728.4,3
2005,1,20,122,100.0,22,3949.0,3
2005,2,22,122,100.0,27,3843.99,3
2005,5,03,122,98.18,56,5498.08,3
2003,1,09,127,100.0,25,3782.0,4
2003,3,18,127,100.0,33,3859.68,4
2003,5,21,127,100.0,42,4431.84,4
2003,9,12,127,100.0,33,4950.33,4
2003,10,18,127,100.0,38,4299.7,4
2003,11,05,127,100.0,31,4492.83,4
2003,11,12,127,100.0,20,2212.0,4
2003,11,21,127,100.0,44,4642.88,4
2003,12,02,127,100.0,26,3206.32,4
2004,1,26,127,100.0,27,3604.23,4
2004,3,02,127,100.0,46,7017.76,4
2004,4,26,127,100.0,47,6154.18,4
2004,8,17,127,100.0,37,4750.8,4
2004,9,01,127,100.0,31,3822.92,4
2004,10,11,127,100.0,24,2440.8,4
2004,10,21,127,100.0,31,4729.36,4
2004,11,04,127,100.0,50,12536.5,4
2004,11,17,127,64.69,35,2264.15,4
2004,11,25,127,100.0,30,3928.2,4
2004,12,09,127,100.0,29,3630.22,4
2005,2,16,127,100.0,40,4931.6,4
2005,3,04,127,98.99,31,3068.69,4
2005,4,23,127,100.0,6,785.64,4
2003,1,29,60,54.09,22,1189.98,3
2003,4,01,60,68.67,45,3090.15,3
2003,5,28,60,65.02,43,2795.86,3
2003,7,24,60,61.99,46,2851.54,3
2003,9,21,60,69.28,39,2701.92,3
2003,10,22,60,71.1,31,2204.1,3
2003,11,06,60,69.28,41,2840.48,3
2003,11,14,60,60.16,44,2647.04,3
2003,11,25,60,70.49,45,3172.05,3
2003,12,09,60,69.89,37,2585.93,3
2004,2,04,60,61.38,35,2148.3,3
2004,3,11,60,59.55,28,1667.4,3
2004,5,05,60,61.99,30,1859.7,3
2004,6,15,60,49.22,30,1476.6,3
2004,7,20,60,69.28,25,1732.0,3
2004,8,19,60,57.73,29,1674.17,3
2004,9,08,60,57.73,26,1500.98,3
2004,10,13,60,53.48,41,2192.68,3
2004,10,22,60,52.87,34,1797.58,3
2004,11,04,60,61.21,35,2142.35,3
2004,11,29,60,100.0,50,6834.5,3
2004,12,10,60,61.99,41,2541.59,3
2005,1,20,60,96.86,22,2130.92,3
2005,2,17,60,48.62,35,1701.7,3
2005,3,09,60,38.5,44,1694.0,3
2005,5,03,60,61.99,47,2913.53,3
2003,2,17,84,90.39,34,3073.26,5
2003,4,29,84,71.81,29,2082.49,5
2003,6,27,84,69.27,49,3394.23,5
2003,8,25,84,85.32,30,2559.6,5
2003,10,28,84,70.96,21,1490.16,5
2004,1,12,84,76.88,50,3844.0,5
2004,2,20,84,100.0,47,4724.91,5
2004,4,02,84,76.03,24,1824.72,5
2004,5,11,84,98.84,27,2668.68,5
2004,6,28,84,86.17,33,2843.61,5
2004,7,23,84,90.39,35,3163.65,5
2004,8,21,84,71.81,31,2226.11,5
2004,9,16,84,82.79,25,2069.75,5
2004,10,15,84,82.79,27,2235.33,5
2004,11,02,84,100.0,31,3116.43,5
2004,11,23,84,100.0,27,2810.7,5
2004,12,04,84,100.0,27,3515.67,5
2005,2,02,84,69.27,42,2909.34,5
2005,3,30,84,76.88,34,2613.92,5
2005,5,10,84,98.84,15,1482.6,5
2003,2,24,60,70.87,29,2055.23,1
2003,4,29,60,58.15,46,2674.9,1
2003,7,01,60,61.78,30,1853.4,1
2003,8,25,60,49.67,30,1490.1,1
2003,10,10,60,51.48,42,2162.16,1
2003,10,28,60,61.18,46,2814.28,1
2003,11,11,60,64.2,25,1605.0,1
2003,11,18,60,65.42,32,2093.44,1
2003,12,01,60,64.81,30,1944.3,1
2004,1,12,60,49.67,40,1986.8,1
2004,2,20,60,60.57,28,1695.96,1
2004,4,03,60,55.72,23,1281.56,1
2004,5,18,60,61.18,29,1774.22,1
2004,6,28,60,58.75,34,1997.5,1
2004,7,23,60,63.6,37,2353.2,1
2004,8,27,60,49.06,20,981.2,1
2004,9,27,60,48.46,32,1550.72,1
2004,10,15,60,52.09,34,1771.06,1
2004,11,02,60,52.7,42,2213.4,1
2004,11,15,60,100.0,38,5266.04,1
2004,11,23,60,62.16,30,1864.8,1
2005,1,05,60,49.67,23,1142.41,1
2005,2,02,60,53.3,22,1172.6,1
2005,3,03,60,100.0,39,6981.0,1
2005,4,07,60,55.72,55,3064.6,1
2003,1,09,168,100.0,26,3773.38,4
2003,3,18,168,100.0,31,5074.39,4
2003,5,21,168,100.0,34,6483.46,4
2003,7,16,168,100.0,41,7956.46,4
2003,9,12,168,100.0,23,4230.62,4
2003,10,18,168,100.0,48,7209.12,4
2003,11,05,168,100.0,22,3452.68,4
2003,11,12,168,100.0,21,3047.73,4
2003,11,21,168,100.0,22,3675.32,4
2003,12,03,168,100.0,40,7492.4,4
2004,1,26,168,100.0,50,9534.5,4
2004,3,02,168,100.0,29,5579.02,4
2004,4,29,168,100.0,43,5950.34,4
2004,6,04,168,100.0,24,3726.0,4
2004,8,17,168,100.0,22,4455.0,4
2004,9,03,168,100.0,43,8272.34,4
2004,10,11,168,100.0,20,3577.6,4
2004,10,21,168,100.0,25,3881.25,4
2004,11,04,168,100.0,36,5797.44,4
2004,11,17,168,52.67,24,1264.08,4
2004,11,29,168,100.0,21,4815.3,4
2004,12,09,168,100.0,30,4462.2,4
2005,2,16,168,47.18,21,990.78,4
2005,3,04,168,78.11,26,2030.86,4
2003,3,10,132,100.0,26,3157.44,2
2003,5,20,132,100.0,46,5161.2,2
2003,7,10,132,100.0,37,4346.76,2
2003,9,11,132,100.0,27,3528.36,2
2003,10,17,132,100.0,23,3187.8,2
2003,11,05,132,100.0,39,6023.16,2
2003,11,12,132,100.0,27,3884.76,2
2003,11,20,132,100.0,38,4965.84,2
2003,12,02,132,100.0,27,4169.88,2
2004,1,16,132,100.0,40,4910.4,2
2004,2,26,132,100.0,24,3231.36,2
2004,4,13,132,100.0,44,6853.44,2
2004,7,06,132,100.0,20,2824.8,2
2004,8,06,132,100.0,39,4324.32,2
2004,8,30,132,100.0,44,5052.96,2
2003,10,05,132,100.0,22,3223.44,2
2004,10,16,132,100.0,43,5278.68,2
2004,11,04,132,100.0,27,2851.2,2
2004,11,17,132,64.9,26,1687.4,2
2004,11,24,132,52.32,25,1308.0,2
2005,1,10,132,100.0,49,6144.6,2
2005,2,10,132,100.0,29,5127.2,2
2005,5,17,132,100.0,55,7695.6,2
2003,1,29,101,83.07,27,2242.89,4
2003,3,24,101,100.0,23,2539.89,4
2003,5,28,101,90.17,31,2795.27,4
2003,7,16,101,100.0,46,5545.76,4
2003,9,19,101,91.18,47,4285.46,4
2003,10,20,101,100.0,31,3329.09,4
2003,11,06,101,100.0,46,5592.22,4
2003,11,13,101,89.15,37,3298.55,4
2003,11,21,101,93.21,28,2609.88,4
2003,12,05,101,90.17,37,3336.29,4
2004,1,29,101,100.0,49,5510.05,4
2004,3,10,101,100.0,24,2504.4,4
2004,4,29,101,100.0,30,3525.6,4
2004,6,14,101,88.14,50,4407.0,4
2004,7,19,101,96.24,31,2983.44,4
2004,8,17,101,100.0,46,5126.24,4
2004,9,08,101,100.0,47,5713.79,4
2004,10,11,101,100.0,46,4613.8,4
2004,10,21,101,100.0,37,3711.1,4
2004,11,04,101,100.0,33,3524.73,4
2004,11,18,101,90.17,31,2795.27,4
2004,11,29,101,100.0,48,4814.4,4
2004,12,10,101,87.13,41,3572.33,4
2005,1,20,101,100.0,42,4581.36,4
2005,2,17,101,100.0,41,4319.76,4
2005,3,09,101,45.25,32,1448.0,4
2003,1,29,62,57.46,35,2011.1,4
2003,3,25,62,64.33,28,1801.24,4
2003,5,28,62,73.7,46,3390.2,4
2003,7,16,62,71.2,20,1424.0,4
2003,9,19,62,49.97,30,1499.1,4
2003,10,20,62,69.96,48,3358.08,4
2003,11,05,62,53.72,28,1504.16,4
2003,11,13,62,68.08,39,2655.12,4
2003,11,21,62,51.84,24,1244.16,4
2003,12,05,62,67.46,28,1888.88,4
2004,1,29,62,58.71,31,1820.01,4
2004,3,10,62,63.71,45,2866.95,4
2004,4,29,62,58.09,24,1394.16,4
2004,6,14,62,53.72,49,2632.28,4
2004,7,16,62,63.08,32,2018.56,4
2004,8,17,62,68.71,43,2954.53,4
2004,9,08,62,50.59,37,1871.83,4
2004,10,11,62,64.96,24,1559.04,4
2004,10,21,62,53.72,35,1880.2,4
2004,11,04,62,29.87,41,1224.67,4
2004,11,17,62,100.0,26,2979.08,4
2004,11,29,62,64.96,34,2208.64,4
2004,12,10,62,70.58,49,3458.42,4
2005,1,20,62,44.21,28,1237.88,4
2005,2,17,62,68.08,40,2723.2,4
2005,3,10,62,59.96,37,2218.52,4
2003,2,17,86,83.44,41,3421.04,6
2003,4,28,86,89.46,21,1878.66,6
2003,6,16,86,96.34,40,3853.6,6
2003,8,10,86,74.84,46,3442.64,6
2003,10,06,86,79.14,44,3482.16,6
2003,11,08,86,81.72,41,3350.52,6
2003,11,14,86,89.46,32,2862.72,6
2003,11,26,86,87.74,46,4036.04,6
2004,1,09,86,100.0,28,2817.92,6
2004,2,19,86,94.62,49,4636.38,6
2004,7,21,86,98.06,34,3334.04,6
2004,8,20,86,98.06,21,2059.26,6
2004,9,15,86,96.34,21,2023.14,6
2004,10,14,86,83.44,31,2586.64,6
2004,11,01,86,94.62,21,1987.02,6
2004,11,22,86,82.58,28,2312.24,6
2004,12,02,86,64.97,43,2793.71,6
2005,1,31,86,86.74,22,1908.28,6
2005,3,30,86,72.26,28,2023.28,6
2005,4,01,86,74.84,30,2245.2,6
2003,1,29,104,100.0,25,2539.5,4
2003,3,25,104,100.0,43,4818.15,4
2003,5,28,104,97.39,30,2921.7,4
2003,7,16,104,90.06,20,1801.2,4
2003,9,19,104,100.0,26,2804.36,4
2003,10,20,104,100.0,40,4900.8,4
2003,11,05,104,89.01,31,2759.31,4
2003,11,13,104,100.0,22,2488.2,4
2003,11,21,104,100.0,23,2769.89,4
2003,12,05,104,100.0,30,3581.4,4
2004,1,29,104,100.0,49,5285.14,4
2004,3,10,104,100.0,31,3181.53,4
2004,4,29,104,100.0,29,3340.51,4
2004,6,14,104,84.82,37,3138.34,4
2004,7,19,104,100.0,38,4775.08,4
2004,8,17,104,100.0,29,3006.43,4
2004,9,08,104,100.0,23,2866.26,4
2004,10,11,104,85.87,26,2232.62,4
2004,10,21,104,100.0,38,4457.02,4
2004,11,04,104,47.04,48,2257.92,4
2004,11,17,104,39.8,40,1592.0,4
2004,11,29,104,100.0,45,4948.2,4
2004,12,10,104,100.0,44,5160.76,4
2005,1,20,104,94.22,21,1978.62,4
2005,2,17,104,100.0,35,4288.2,4
2005,3,10,104,86.92,29,2520.68,4
2003,2,11,136,100.0,22,3065.04,4
2003,4,16,136,100.0,26,3551.34,4
2003,6,06,136,100.0,41,5544.02,4
2003,8,08,136,100.0,47,6034.33,4
2003,9,28,136,100.0,31,3641.57,4
2003,10,21,136,100.0,43,6930.74,4
2003,11,07,136,100.0,23,3675.63,4
2003,11,14,136,100.0,28,3442.04,4
2003,11,26,136,100.0,49,6893.81,4
2004,1,02,136,100.0,24,2622.48,4
2004,2,18,136,100.0,33,4417.38,4
2004,3,20,136,100.0,22,3606.02,4
2004,7,21,136,100.0,40,5026.4,4
2004,8,20,136,100.0,43,6695.53,4
2004,9,09,136,100.0,24,2819.28,4
2004,10,14,136,100.0,32,3759.04,4
2004,10,22,136,100.0,20,2731.8,4
2004,11,05,136,69.12,24,1658.88,4
2004,11,20,136,100.0,48,5778.24,4
2004,12,02,136,100.0,44,5191.12,4
2005,1,26,136,100.0,28,3862.88,4
2005,2,22,136,61.52,24,1476.48,4
2005,3,23,136,100.0,33,5273.73,4
2003,1,31,169,100.0,23,4556.99,2
2003,3,10,169,100.0,46,8257.0,2
2003,4,01,169,100.0,48,8209.44,2
2003,5,08,169,100.0,25,3598.5,2
2003,6,03,169,100.0,22,3837.24,2
2003,7,04,169,100.0,41,8331.61,2
2003,8,01,169,100.0,34,4836.5,2
2003,9,11,169,100.0,32,5418.88,2
2003,9,21,169,100.0,21,3734.01,2
2003,10,11,169,100.0,20,3996.4,2
2003,10,22,169,100.0,47,8754.69,2
2003,11,05,169,100.0,39,5481.45,2
2003,11,06,169,100.0,29,4419.89,2
2003,11,12,169,100.0,45,6324.75,2
2003,11,14,169,100.0,28,4409.72,2
2003,11,20,169,100.0,26,3918.46,2
2003,11,25,169,100.0,50,7620.5,2
2003,12,02,169,100.0,48,8291.04,2
2003,12,09,169,100.0,25,3937.25,2
2004,1,16,169,100.0,40,5554.4,2
2004,2,22,169,100.0,43,6407.86,2
2004,3,11,169,100.0,22,4172.52,2
2004,4,12,169,100.0,47,7083.37,2
2004,5,05,169,100.0,36,7132.68,2
2004,6,15,169,100.0,27,3657.69,2
2004,7,06,169,100.0,29,4812.55,2
2004,7,20,169,100.0,20,3928.6,2
2004,8,06,169,100.0,42,6401.22,2
2004,8,19,169,100.0,25,4191.25,2
2004,8,30,169,100.0,36,5852.52,2
2004,9,08,169,100.0,21,2844.87,2
2003,10,05,169,100.0,23,4011.66,2
2004,10,13,169,100.0,37,7455.87,2
2004,10,16,169,100.0,48,8940.96,2
2004,10,22,169,100.0,25,4572.25,2
2004,11,04,169,100.0,33,5700.09,2
2004,11,05,169,100.0,27,3155.49,2
2004,11,17,169,100.0,27,4170.69,2
2004,11,24,169,100.0,30,5029.5,2
2004,12,01,169,100.0,48,7396.8,2
2004,12,10,169,93.49,32,2991.68,2
2005,1,10,169,100.0,34,6275.72,2
2005,1,20,169,56.85,27,1534.95,2
2005,2,09,169,100.0,39,7264.53,2
2005,2,22,169,100.0,47,6869.05,2
2005,3,15,169,100.0,22,3353.02,2
2005,4,14,169,100.0,55,8289.05,2
2005,5,03,169,100.0,60,11887.8,2
2005,5,17,169,100.0,35,5926.9,2
2003,2,11,100,100.0,38,4330.1,7
2003,4,16,100,95.8,21,2011.8,7
2003,6,06,100,100.0,41,4837.18,7
2003,8,08,100,97.81,22,2151.82,7
2003,9,28,100,88.74,29,2573.46,7
2003,10,22,100,100.0,50,5344.5,7
2003,11,07,100,100.0,29,3070.52,7
2003,11,14,100,80.67,49,3952.83,7
2003,11,26,100,100.0,35,3564.75,7
2004,1,02,100,100.0,48,5614.56,7
2004,2,18,100,80.67,23,1855.41,7
2004,3,20,100,95.8,48,4598.4,7
2004,7,21,100,100.0,47,5450.59,7
2004,8,20,100,100.0,36,4174.92,7
2004,9,09,100,100.0,22,2418.24,7
2004,10,14,100,91.76,40,3670.4,7
2004,10,22,100,100.0,23,2481.7,7
2004,11,09,100,100.0,32,3807.68,7
2004,11,20,100,100.0,21,2230.41,7
2004,12,02,100,93.04,41,3814.64,7
2005,1,26,100,84.71,25,2117.75,7
2005,2,22,100,100.0,26,3340.48,7
2005,3,23,100,89.75,24,2154.0,7
2003,3,03,80,68.35,26,1777.1,2
2003,5,08,80,73.17,21,1536.57,2
2003,7,02,80,78.0,45,3510.0,2
2003,9,05,80,86.04,36,3097.44,2
2003,10,10,80,81.21,21,1705.41,2
2003,11,04,80,70.76,32,2264.32,2
2003,11,12,80,82.82,30,2484.6,2
2003,11,20,80,94.88,36,3415.68,2
2003,12,02,80,86.04,33,2839.32,2
2004,1,15,80,78.0,35,2730.0,2
2004,2,22,80,95.69,37,3540.53,2
2004,4,09,80,73.17,41,2999.97,2
2004,5,26,80,76.39,20,1527.8,2
2004,7,02,80,86.84,45,3907.8,2
2004,8,02,80,69.96,38,2658.48,2
2004,8,30,80,70.76,43,3042.68,2
2003,10,04,80,78.8,49,3861.2,2
2004,10,16,80,80.41,27,2171.07,2
2004,11,03,80,73.98,46,3403.08,2
2004,11,15,80,59.1,38,2245.8,2
2004,11,24,80,66.74,25,1668.5,2
2005,1,06,80,60.3,46,2773.8,2
2005,2,10,80,100.0,22,2464.0,2
2005,3,04,80,100.0,40,5491.6,2
2003,1,29,99,100.0,46,4791.82,4
2003,3,25,99,100.0,39,4178.85,4
2003,5,28,99,82.34,38,3128.92,4
2003,7,16,99,100.0,30,3095.4,4
2003,9,12,99,94.25,42,3958.5,4
2003,10,20,99,100.0,43,4991.44,4
2003,11,05,99,95.24,29,2761.96,4
2003,11,12,99,86.31,33,2848.23,4
2003,11,21,99,79.37,32,2539.84,4
2003,12,05,99,87.3,28,2444.4,4
2004,1,29,99,100.0,41,4555.92,4
2004,3,02,99,100.0,33,3666.96,4
2004,4,29,99,84.33,36,3035.88,4
2004,6,14,99,89.29,26,2321.54,4
2004,8,17,99,100.0,34,3474.46,4
2004,9,07,99,96.23,26,2501.98,4
2004,10,11,99,100.0,38,3958.46,4
2004,10,21,99,100.0,33,3535.95,4
2004,11,05,99,91.27,33,3011.91,4
2004,11,18,99,100.0,46,11336.7,4
2004,11,29,99,100.0,26,2656.94,4
2004,12,10,99,100.0,25,2604.25,4
2005,1,20,99,73.08,45,3288.6,4
2005,2,17,99,100.0,50,8935.5,4
2005,3,10,99,100.0,36,4035.96,4
2003,3,03,146,100.0,29,4049.56,2
2003,5,08,146,100.0,21,2469.39,2
2003,7,02,146,100.0,42,5432.7,2
2003,9,05,146,100.0,37,4405.22,2
2003,10,10,146,100.0,25,3638.0,2
2003,11,04,146,100.0,36,4444.92,2
2003,11,12,146,100.0,22,3395.48,2
2003,11,20,146,100.0,23,3414.58,2
2003,12,02,146,100.0,32,5127.04,2
2004,1,15,146,100.0,28,3745.28,2
2004,2,22,146,100.0,27,4564.08,2
2004,4,09,146,100.0,49,6554.24,2
2004,5,26,146,100.0,41,6749.83,2
2004,7,02,146,100.0,49,8427.02,2
2004,8,02,146,100.0,30,3924.6,2
2004,8,30,146,100.0,40,6761.6,2
2003,10,04,146,100.0,23,3786.49,2
2004,10,16,146,100.0,49,6266.12,2
2004,11,03,146,100.0,25,3491.0,2
2004,11,16,146,100.0,37,4405.22,2
2004,11,24,146,100.0,55,6548.3,2
2004,12,07,146,100.0,23,3177.91,2
2005,1,06,146,100.0,24,4142.64,2
2005,2,10,146,96.49,43,4149.07,2
2005,3,04,146,100.0,50,7397.0,2
2003,3,10,141,100.0,47,6241.6,2
2003,5,20,141,100.0,34,5331.88,2
2003,7,10,141,100.0,31,5124.3,2
2003,9,11,141,100.0,28,3639.44,2
2003,10,17,141,100.0,36,5544.0,2
2003,11,05,141,100.0,48,5493.12,2
2003,11,12,141,100.0,39,5785.26,2
2003,11,20,141,100.0,45,5340.6,2
2003,12,02,141,100.0,35,5735.8,2
2004,1,16,141,100.0,45,6357.6,2
2004,2,26,141,100.0,46,7343.9,2
2004,4,13,141,100.0,37,5959.22,2
2004,7,06,141,100.0,33,5035.14,2
2004,8,06,141,100.0,31,4116.8,2
2004,8,30,141,100.0,27,4310.55,2
2003,10,05,141,100.0,39,6446.7,2
2004,10,16,141,100.0,32,3616.64,2
2004,11,04,141,100.0,28,4232.76,2
2004,11,17,141,67.91,26,1765.66,2
2004,11,24,141,84.88,44,3734.72,2
2005,2,10,141,70.83,32,2266.56,2
2005,5,17,141,100.0,43,5589.14,2
2003,3,03,62,67.77,43,2914.11,1
2003,5,08,62,49.74,35,1740.9,1
2003,7,02,62,50.36,45,2266.2,1
2003,9,03,62,67.14,47,3155.58,1
2003,10,10,62,64.66,21,1357.86,1
2003,11,04,62,68.39,38,2598.82,1
2003,11,11,62,50.36,21,1057.56,1
2003,11,20,62,72.74,43,3127.82,1
2004,1,15,62,54.09,46,2488.14,1
2004,2,21,62,58.44,38,2220.72,1
2004,4,05,62,52.22,26,1357.72,1
2004,5,26,62,52.84,31,1638.04,1
2004,6,30,62,54.71,48,2626.08,1
2004,8,02,62,50.36,33,1661.88,1
2004,8,28,62,57.2,38,2173.6,1
2004,9,30,62,55.95,39,2182.05,1
2004,10,16,62,67.14,42,2819.88,1
2004,11,03,62,59.06,44,2598.64,1
2004,11,16,62,69.63,29,2019.27,1
2004,11,24,62,55.95,26,1454.7,1
2004,12,07,62,53.47,31,1657.57,1
2005,1,06,62,89.12,32,2851.84,1
2005,2,10,62,100.0,28,4609.64,1
2005,3,04,62,100.0,36,5079.96,1
2005,4,08,62,52.22,36,1879.92,1
2003,2,17,105,100.0,41,4774.86,4
2003,4,28,105,99.52,27,2687.04,4
2003,6,16,105,100.0,33,3423.75,4
2003,8,10,105,100.0,34,3455.76,4
2003,10,06,105,100.0,29,3622.97,4
2003,11,08,105,100.0,48,5386.56,4
2003,11,14,105,100.0,46,4918.78,4
2003,11,26,105,100.0,22,2538.8,4
2004,1,09,105,100.0,20,2498.6,4
2004,2,19,105,85.75,45,3858.75,4
2004,5,08,105,100.0,46,5600.5,4
2004,7,21,105,85.75,50,4287.5,4
2004,8,20,105,100.0,46,5795.54,4
2004,9,15,105,84.7,22,1863.4,4
2004,10,14,105,86.81,48,4166.88,4
2004,11,01,105,86.81,47,4080.07,4
2004,11,12,105,100.0,34,3815.48,4
2004,11,22,105,100.0,45,5526.45,4
2004,12,03,105,100.0,20,3374.6,4
2005,1,31,105,60.49,50,3024.5,4
2005,3,30,105,100.0,45,4811.85,4
2005,4,01,105,100.0,58,7307.42,4
2003,1,31,143,100.0,38,5348.5,2
2003,4,16,143,100.0,22,2780.58,2
2003,6,03,143,100.0,25,3447.0,2
2003,8,08,143,100.0,24,3791.52,2
2003,9,25,143,100.0,35,4524.1,2
2003,10,22,143,100.0,28,3337.6,2
2003,11,06,143,100.0,36,5532.12,2
2003,11,14,143,100.0,39,5096.91,2
2003,11,26,143,100.0,27,4537.08,2
2003,12,09,143,100.0,40,6146.8,2
2004,2,12,143,100.0,50,8258.0,2
2004,3,15,143,100.0,42,7238.28,2
2004,5,05,143,100.0,48,6756.0,2
2004,7,20,143,100.0,25,3734.0,2
2004,8,20,143,100.0,31,4674.8,2
2004,9,08,143,100.0,44,7140.76,2
2004,10,14,143,100.0,23,3600.65,2
2004,10,22,143,100.0,29,4206.74,2
2004,11,05,143,100.0,49,5379.71,2
2004,11,21,143,100.0,36,5679.36,2
2004,12,01,143,100.0,34,4394.84,2
2004,12,10,143,100.0,25,2528.25,2
2005,1,26,143,100.0,48,7031.52,2
2005,2,22,143,100.0,38,5340.9,2
2005,3,15,143,100.0,37,6376.58,2
2005,5,05,143,100.0,49,6896.75,2
2003,1,06,92,86.51,22,1903.22,4
2003,3,18,92,89.27,28,2499.56,4
2003,5,21,92,85.59,36,3081.24,4
2003,9,11,92,100.0,34,3598.22,4
2003,10,18,92,100.0,39,3912.09,4
2003,11,05,92,75.46,21,1584.66,4
2003,11,12,92,100.0,36,3942.72,4
2003,11,21,92,97.55,24,2341.2,4
2003,12,02,92,85.59,29,2482.11,4
2004,1,22,92,94.79,38,3602.02,4
2004,3,02,92,100.0,34,3566.94,4
2004,4,13,92,90.19,42,3787.98,4
2004,8,17,92,100.0,35,3704.05,4
2004,9,01,92,80.99,35,2834.65,4
2003,10,06,92,89.27,38,3392.26,4
2004,10,16,92,81.91,41,3358.31,4
2004,11,17,92,100.0,50,7310.0,4
2004,11,25,92,100.0,21,2203.11,4
2005,2,16,92,100.0,32,3376.64,4
2003,2,11,87,82.5,41,3382.5,4
2003,4,16,87,97.42,23,2240.66,4
2003,6,06,87,92.16,43,3962.88,4
2003,8,08,87,70.22,24,1685.28,4
2003,9,28,87,83.38,22,1834.36,4
2003,10,21,87,73.73,26,1916.98,4
2003,11,07,87,74.6,35,2611.0,4
2003,11,14,87,77.24,47,3630.28,4
2003,11,26,87,100.0,50,5090.5,4
2004,1,02,87,87.77,45,3949.65,4
2004,2,18,87,89.53,39,3491.67,4
2004,3,20,87,89.53,23,2059.19,4
2004,6,17,87,89.53,20,1790.6,4
2004,7,21,87,71.09,33,2345.97,4
2004,8,20,87,100.0,34,3580.88,4
2004,9,09,87,100.0,49,4946.06,4
2004,10,14,87,90.4,39,3525.6,4
2004,10,29,87,100.0,36,3602.16,4
2004,11,09,87,86.01,50,4300.5,4
2004,11,21,87,100.0,29,4498.19,4
2004,12,02,87,100.0,30,3023.1,4
2005,1,26,87,86.89,41,3562.49,4
2005,2,22,87,58.58,28,1640.24,4
2005,3,23,87,100.0,45,4739.4,4
2003,1,29,121,100.0,36,4228.2,3
2003,4,01,121,100.0,41,4815.45,3
2003,5,28,121,100.0,50,7083.0,3
2003,7,24,121,100.0,40,4601.2,3
2003,9,19,121,100.0,49,6467.02,3
2003,11,06,121,100.0,47,5121.59,3
2003,11,13,121,100.0,21,2441.04,3
2003,11,25,121,100.0,32,4262.08,3
2003,12,09,121,100.0,47,6658.02,3
2004,2,04,121,100.0,38,4509.08,3
2004,3,11,121,100.0,41,4716.23,3
2004,5,04,121,100.0,21,2390.22,3
2004,6,15,121,100.0,41,4666.62,3
2004,7,19,121,100.0,38,5383.08,3
2004,8,19,121,99.29,25,2482.25,3
2004,9,08,121,100.0,48,5288.64,3
2004,10,13,121,99.29,22,2184.38,3
2004,10,22,121,100.0,28,2881.76,3
2004,11,05,121,100.0,47,6203.06,3
2004,11,29,121,100.0,45,5884.65,3
2004,12,10,121,100.0,28,3559.64,3
2005,1,20,121,57.53,29,1668.37,3
2005,2,17,121,100.0,39,4890.6,3
2005,5,01,121,100.0,46,5235.72,3
2003,1,29,50,47.29,41,1938.89,4
2003,3,26,50,49.81,50,2490.5,4
2003,5,28,50,53.83,43,2314.69,4
2003,7,24,50,43.27,29,1254.83,4
2003,9,19,50,42.76,30,1282.8,4
2003,11,06,50,44.78,49,2194.22,4
2003,11,13,50,49.3,40,1972.0,4
2003,11,25,50,44.78,41,1835.98,4
2003,12,05,50,53.33,21,1119.93,4
2004,1,29,50,45.28,46,2082.88,4
2004,3,11,50,40.25,39,1569.75,4
2004,5,04,50,59.87,45,2694.15,4
2004,6,15,50,59.87,21,1257.27,4
2004,7,19,50,58.36,44,2567.84,4
2004,8,19,50,59.87,44,2634.28,4
2004,9,08,50,51.82,29,1502.78,4
2004,10,11,50,49.3,34,1676.2,4
2004,10,21,50,56.85,39,2217.15,4
2004,11,05,50,100.0,38,6832.02,4
2004,11,18,50,79.86,24,1916.64,4
2004,11,01,50,100.0,29,7110.8,4
2004,12,10,50,100.0,30,5302.8,4
2005,1,20,50,100.0,20,2730.0,4
2005,2,17,50,100.0,39,7827.3,4
2005,5,01,50,59.87,35,2095.45,4
2003,3,03,148,100.0,44,5565.12,2
2003,5,08,148,100.0,28,3583.16,2
2003,7,02,148,100.0,31,4705.18,2
2003,9,03,148,100.0,29,4444.54,2
2003,10,10,148,100.0,32,4618.88,2
2003,11,04,148,100.0,33,4910.4,2
2003,11,11,148,100.0,44,5565.12,2
2003,11,20,148,100.0,32,4237.76,2
2004,1,15,148,100.0,41,5673.58,2
2004,2,22,148,100.0,35,5260.15,2
2004,4,09,148,100.0,44,6350.96,2
2004,5,26,148,100.0,26,3559.4,2
2004,6,30,148,100.0,20,2410.6,2
2004,8,02,148,100.0,48,5713.92,2
2004,8,30,148,100.0,34,4300.32,2
2004,9,30,148,100.0,49,7947.31,2
2004,10,16,148,100.0,40,5356.8,2
2004,11,03,148,100.0,45,7901.1,2
2004,11,16,148,100.0,50,6101.0,2
2004,11,24,148,100.0,38,6276.46,2
2004,12,07,148,100.0,25,4203.5,2
2005,1,06,148,58.18,28,1629.04,2
2005,2,10,148,67.14,49,3289.86,2
2005,3,04,148,100.0,49,6862.94,2
2003,3,18,71,61.29,42,2574.18,2
2003,5,21,71,57.73,23,1327.79,2
2003,9,11,71,81.25,29,2356.25,2
2003,10,17,71,80.54,25,2013.5,2
2003,11,05,71,71.98,39,2807.22,2
2003,11,12,71,69.84,44,3072.96,2
2003,11,21,71,76.26,25,1906.5,2
2003,12,02,71,76.26,45,3431.7,2
2004,1,22,71,83.39,25,2084.75,2
2004,3,02,71,57.73,37,2136.01,2
2004,4,13,71,66.99,30,2009.7,2
2004,7,07,71,75.55,36,2719.8,2
2004,8,09,71,60.58,26,1575.08,2
2004,9,01,71,73.41,23,1688.43,2
2003,10,06,71,72.7,23,1672.1,2
2004,10,16,71,66.99,25,1674.75,2
2004,11,17,71,100.0,21,3472.98,2
2004,11,25,71,63.43,26,1649.18,2
2005,2,16,71,100.0,24,4536.0,2
2003,3,18,73,85.25,36,3069.0,2
2003,5,21,73,77.9,22,1713.8,2
2003,9,11,73,60.26,25,1506.5,2
2003,10,17,73,72.76,37,2692.12,2
2003,11,05,73,75.69,32,2422.08,2
2003,11,12,73,74.22,47,3488.34,2
2003,11,20,73,69.82,37,2583.34,2
2003,12,02,73,62.47,20,1249.4,2
2004,1,16,73,82.31,41,3374.71,2
2004,2,26,73,60.26,21,1265.46,2
2004,4,13,73,76.43,22,1681.46,2
2004,7,07,73,80.1,40,3204.0,2
2004,8,09,73,74.96,32,2398.72,2
2004,9,01,73,66.14,36,2381.04,2
2003,10,05,73,72.02,27,1944.54,2
2004,10,16,73,87.45,26,2273.7,2
2004,11,04,73,70.55,30,2116.5,2
2004,11,17,73,56.84,23,1307.32,2
2004,11,25,73,59.53,29,1726.37,2
2005,2,16,73,100.0,34,3441.82,2
2003,1,31,57,55.49,35,1942.15,2
2003,4,04,57,69.36,47,3259.92,2
2003,6,03,57,60.69,20,1213.8,2
2003,8,01,57,54.33,20,1086.6,2
2003,9,25,57,65.31,25,1632.75,2
2003,10,22,57,69.36,25,1734.0,2
2003,11,06,57,68.78,27,1857.06,2
2003,11,14,57,60.11,31,1863.41,2
2003,11,25,57,66.47,44,2924.68,2
2003,12,09,57,46.82,49,2294.18,2
2004,2,12,57,56.07,26,1457.82,2
2004,3,15,57,54.33,36,1955.88,2
2004,5,05,57,52.6,44,2314.4,2
2004,6,15,57,46.82,28,1310.96,2
2004,7,20,57,64.74,45,2913.3,2
2004,8,20,57,46.82,29,1357.78,2
2004,9,08,57,53.75,40,2150.0,2
2004,10,13,57,61.85,45,2783.25,2
2004,10,22,57,53.18,44,2339.92,2
2004,11,05,57,69.16,25,1729.0,2
2004,11,20,57,100.0,45,5972.4,2
2004,12,01,57,47.4,48,2275.2,2
2004,12,10,57,60.76,44,2673.44,2
2005,1,23,57,97.27,25,2431.75,2
2005,2,22,57,91.76,22,2018.72,2
2005,3,15,57,50.29,31,1558.99,2
2005,5,03,57,52.6,21,1104.6,2
2003,2,24,112,100.0,25,2845.75,1
2003,4,29,112,98.05,35,3431.75,1
2003,7,01,112,93.54,35,3273.9,1
2003,8,25,112,95.8,43,4119.4,1
2003,10,10,112,100.0,44,5355.68,1
2003,10,28,112,100.0,50,5747.5,1
2003,11,11,112,100.0,48,5355.36,1
2003,11,18,112,100.0,25,2535.75,1
2003,12,01,112,100.0,39,4351.23,1
2004,1,15,112,90.16,25,2254.0,1
2004,2,20,112,91.29,32,2921.28,1
2004,4,05,112,100.0,20,2299.0,1
2004,5,18,112,100.0,26,2637.18,1
2004,6,28,112,100.0,42,4307.52,1
2004,7,23,112,100.0,21,2153.76,1
2004,8,27,112,100.0,34,3716.88,1
2004,9,30,112,100.0,47,5455.76,1
2004,10,15,112,100.0,21,2650.62,1
2004,11,02,112,100.0,48,6437.28,1
2004,11,15,112,87.78,30,2633.4,1
2004,11,23,112,84.39,27,2278.53,1
2005,1,05,112,96.92,50,4846.0,1
2005,2,02,112,100.0,38,4197.1,1
2005,3,03,112,100.0,45,4597.65,1
2005,4,08,112,100.0,46,5287.7,1
2003,3,18,50,59.37,29,1721.73,2
2003,5,20,50,59.87,50,2993.5,2
2003,7,10,50,49.81,26,1295.06,2
2003,9,11,50,56.85,47,2671.95,2
2003,10,17,50,53.33,23,1226.59,2
2003,11,05,50,42.76,34,1453.84,2
2003,11,12,50,53.83,34,1830.22,2
2003,11,20,50,53.83,47,2530.01,2
2003,12,02,50,49.81,45,2241.45,2
2004,1,16,50,53.33,45,2399.85,2
2004,2,26,50,43.27,36,1557.72,2
2004,4,13,50,40.25,21,845.25,2
2004,7,06,50,48.3,28,1352.4,2
2004,8,06,50,45.28,35,1584.8,2
2004,9,01,50,52.32,50,2616.0,2
2003,10,05,50,51.32,22,1129.04,2
2004,10,16,50,49.3,45,2218.5,2
2004,11,04,50,42.26,48,2028.48,2
2004,11,17,50,87.96,20,1759.2,2
2004,11,24,50,36.21,27,977.67,2
2005,2,10,50,100.0,32,3970.56,2
2003,2,17,109,88.63,28,2481.64,5
2003,4,29,109,100.0,39,4651.53,5
2003,6,27,109,94.1,41,3858.1,5
2003,8,25,109,87.54,40,3501.6,5
2003,10,28,109,100.0,49,6433.7,5
2004,1,12,109,98.48,27,2658.96,5
2004,2,20,109,100.0,34,3608.76,5
2004,4,02,109,96.29,23,2214.67,5
2004,5,11,109,88.63,31,2747.53,5
2004,7,23,109,95.2,25,2380.0,5
2004,8,21,109,100.0,22,2310.88,5
2004,9,16,109,100.0,32,4061.76,5
2004,10,15,109,100.0,31,3493.7,5
2004,11,01,109,100.0,25,2872.25,5
2004,11,12,109,87.54,47,4114.38,5
2004,11,23,109,50.65,21,1063.65,5
2004,12,04,109,71.73,28,2008.44,5
2005,2,02,109,94.1,46,4328.6,5
2005,3,30,109,100.0,43,5552.16,5
2005,5,10,109,88.63,47,4165.61,5
2003,1,09,33,31.2,45,1404.0,4
2003,3,18,33,35.51,20,710.2,4
2003,5,21,33,37.84,45,1702.8,4
2003,9,12,33,33.19,36,1194.84,4
2003,10,18,33,27.22,37,1007.14,4
2003,11,05,33,31.53,31,977.43,4
2003,11,12,33,36.84,39,1436.76,4
2003,11,21,33,29.21,26,759.46,4
2003,12,03,33,37.17,32,1189.44,4
2004,1,26,33,34.19,20,683.8,4
2004,3,02,33,29.21,42,1226.82,4
2004,4,26,33,29.54,33,974.82,4
2004,8,17,33,28.88,20,577.6,4
2004,9,01,33,38.17,29,1106.93,4
2004,10,11,33,30.2,23,694.6,4
2004,10,21,33,29.54,39,1152.06,4
2004,11,04,33,100.0,20,2624.0,4
2004,11,17,33,81.91,45,3685.95,4
2004,11,25,33,35.18,20,703.6,4
2004,12,09,33,100.0,48,9720.0,4
2005,2,16,33,70.56,32,2257.92,4
2005,3,09,33,100.0,33,8344.71,4
2005,4,23,33,29.54,61,1801.94,4
2003,2,24,76,83.03,38,3155.14,1
2003,4,29,76,83.79,34,2848.86,1
2003,7,01,76,83.03,43,3570.29,1
2003,8,25,76,83.03,47,3902.41,1
2003,10,10,76,67.03,22,1474.66,1
2003,10,28,76,75.41,29,2186.89,1
2003,11,11,76,68.55,28,1919.4,1
2003,11,18,76,91.4,40,3656.0,1
2003,12,01,76,73.88,25,1847.0,1
2004,1,12,76,61.7,30,1851.0,1
2004,2,20,76,69.31,38,2633.78,1
2004,4,03,76,87.6,36,3153.6,1
2004,5,11,76,87.6,32,2803.2,1
2004,6,28,76,62.46,37,2311.02,1
2004,7,23,76,79.98,30,2399.4,1
2004,8,27,76,70.08,39,2733.12,1
2004,9,16,76,65.51,32,2096.32,1
2004,10,15,76,63.22,47,2971.34,1
2004,11,02,76,86.83,26,2257.58,1
2004,11,15,76,94.43,37,3493.91,1
2004,11,24,76,79.98,55,4398.9,1
2005,1,06,76,100.0,21,3595.62,1
2005,2,03,76,100.0,23,2443.29,1
2005,3,03,76,81.4,49,3988.6,1
2005,4,07,76,87.6,59,5168.4,1
2005,5,10,76,87.6,32,2803.2,1
2003,2,11,122,100.0,43,6341.21,6
2003,4,16,122,100.0,41,5189.78,6
2003,6,12,122,100.0,45,6027.75,6
2003,8,08,122,100.0,33,3366.0,6
2003,9,28,122,100.0,40,5456.4,6
2003,11,07,122,100.0,50,6083.0,6
2003,11,14,122,100.0,30,3170.7,6
2003,11,26,122,100.0,41,4534.6,6
2004,1,02,122,100.0,35,4301.15,6
2004,2,18,122,100.0,49,6804.63,6
2004,3,20,122,100.0,46,5652.94,6
2004,6,17,122,100.0,36,4512.6,6
2004,7,21,122,100.0,22,2784.76,6
2004,8,20,122,100.0,42,5316.36,6
2004,9,09,122,100.0,21,2941.89,6
2004,10,14,122,100.0,29,3207.4,6
2004,10,29,122,100.0,35,4215.05,6
2004,11,09,122,100.0,41,4333.29,6
2004,11,21,122,71.97,29,2087.13,6
2004,12,02,122,50.33,34,1711.22,6
2005,1,26,122,100.0,37,3910.53,6
2005,2,23,122,80.54,28,2255.12,6
2005,3,23,122,100.0,49,5720.75,6
2003,1,09,44,53.76,46,2472.96,4
2003,3,18,44,44.35,39,1729.65,4
2003,5,21,44,45.25,22,995.5,4
2003,9,12,44,49.28,49,2414.72,4
2003,10,18,44,36.29,43,1560.47,4
2003,11,05,44,41.22,27,1112.94,4
2003,11,12,44,36.74,31,1138.94,4
2003,11,21,44,50.62,20,1012.4,4
2003,12,03,44,38.08,24,913.92,4
2004,1,26,44,47.94,49,2349.06,4
2004,3,02,44,48.38,24,1161.12,4
2004,4,29,44,45.25,39,1764.75,4
2004,6,04,44,45.7,37,1690.9,4
2004,8,17,44,47.49,45,2137.05,4
2004,9,03,44,48.38,45,2177.1,4
2004,10,11,44,39.42,44,1734.48,4
2004,10,21,44,37.63,23,865.49,4
2004,11,04,44,100.0,30,3500.1,4
2004,11,17,44,85.52,26,2223.52,4
2004,11,25,44,53.76,43,2311.68,4
2004,12,09,44,31.86,26,828.36,4
2005,2,16,44,68.35,27,1845.45,4
2005,3,09,44,100.0,24,4042.08,4
2003,1,29,127,100.0,36,3680.28,3
2003,4,01,127,100.0,21,2925.09,3
2003,5,28,127,100.0,27,3415.77,3
2003,7,24,127,100.0,47,5105.14,3
2003,9,21,127,100.0,42,5098.8,3
2003,10,22,127,100.0,32,4661.76,3
2003,11,06,127,100.0,28,2969.96,3
2003,11,14,127,100.0,24,3496.32,3
2003,11,25,127,100.0,49,5760.93,3
2003,12,09,127,100.0,46,6819.04,3
2004,2,04,127,100.0,28,3148.88,3
2004,3,11,127,100.0,48,5704.32,3
2004,5,05,127,100.0,29,3520.6,3
2004,6,15,127,100.0,47,5285.62,3
2004,7,20,127,100.0,43,5605.05,3
2004,8,19,127,100.0,25,2779.5,3
2004,9,08,127,100.0,48,5398.08,3
2004,10,13,127,100.0,24,3189.6,3
2004,10,22,127,100.0,42,5581.8,3
2004,11,05,127,100.0,31,3820.44,3
2004,11,01,127,100.0,37,5981.42,3
2004,12,10,127,100.0,41,5684.65,3
2005,1,23,127,100.0,20,3449.4,3
2005,2,17,127,100.0,20,2654.4,3
2005,5,03,127,100.0,70,8498.0,3
2003,3,03,69,58.87,35,2060.45,1
2003,5,07,69,76.88,32,2460.16,1
2003,7,02,69,61.64,29,1787.56,1
2003,8,25,69,60.95,27,1645.65,1
2003,10,10,69,80.34,27,2169.18,1
2003,11,04,69,74.11,38,2816.18,1
2003,11,11,69,72.03,35,2521.05,1
2003,11,19,69,76.19,42,3199.98,1
2004,1,15,69,63.72,21,1338.12,1
2004,2,21,69,80.34,37,2972.58,1
2004,4,05,69,79.65,26,2070.9,1
2004,5,26,69,65.8,47,3092.6,1
2004,6,30,69,65.1,37,2408.7,1
2004,8,02,69,75.49,46,3472.54,1
2004,8,27,69,59.56,38,2263.28,1
2004,9,30,69,66.49,33,2194.17,1
2004,10,15,69,56.1,24,1346.4,1
2004,11,03,69,81.73,31,2533.63,1
2004,11,16,69,81.03,42,3403.26,1
2004,11,24,69,100.0,32,3307.2,1
2004,12,07,69,70.65,41,2896.65,1
2005,1,06,69,61.23,43,2632.89,1
2005,2,03,69,100.0,20,2046.0,1
2005,3,04,69,65.13,35,2279.55,1
2005,4,08,69,79.65,27,2150.55,1
2003,3,18,90,78.15,43,3360.45,2
2003,5,21,90,72.7,32,2326.4,2
2003,9,11,90,73.6,21,1545.6,2
2003,10,17,90,100.0,20,2144.6,2
2003,11,05,90,74.51,22,1639.22,2
2003,11,12,90,73.6,36,2649.6,2
2003,11,20,90,83.6,46,3845.6,2
2003,12,02,90,96.32,47,4527.04,2
2004,1,16,90,88.14,45,3966.3,2
2004,3,02,90,88.14,47,4142.58,2
2004,4,13,90,94.5,47,4441.5,2
2004,7,07,90,87.24,38,3315.12,2
2004,8,09,90,79.97,49,3918.53,2
2004,9,01,90,80.87,35,2830.45,2
2003,10,06,90,100.0,49,5298.86,2
2004,10,16,90,93.6,28,2620.8,2
2004,11,04,90,72.7,30,2181.0,2
2004,11,17,90,86.72,39,3382.08,2
2004,11,29,90,100.0,25,2876.75,2
2005,1,19,90,100.0,40,4107.2,2
2005,2,16,90,37.5,36,1350.0,2
2003,1,31,35,39.6,44,1742.4,2
2003,4,01,35,30.06,24,721.44,2
2003,6,03,35,38.19,39,1489.41,2
2003,8,01,35,42.43,21,891.03,2
2003,9,21,35,40.31,30,1209.3,2
2003,10,22,35,31.82,27,859.14,2
2003,11,06,35,31.12,37,1151.44,2
2003,11,14,35,31.82,42,1336.44,2
2003,11,25,35,28.29,32,905.28,2
2003,12,09,35,29.7,42,1247.4,2
2004,2,10,35,40.31,21,846.51,2
2004,3,11,35,32.88,33,1085.04,2
2004,5,05,35,36.07,49,1767.43,2
2004,6,15,35,33.24,31,1030.44,2
2004,7,20,35,41.72,38,1585.36,2
2004,8,19,35,40.66,20,813.2,2
2004,9,08,35,30.06,39,1172.34,2
2004,10,13,35,31.47,48,1510.56,2
2004,10,22,35,37.13,39,1448.07,2
2004,11,05,35,100.0,30,3338.1,2
2004,11,19,35,37.13,33,1225.29,2
2004,12,01,35,37.13,36,1336.68,2
2004,12,10,35,82.94,36,2985.84,2
2005,1,23,35,100.0,45,5545.8,2
2005,2,22,35,100.0,40,6089.6,2
2005,3,15,35,38.9,46,1789.4,2
2005,5,03,35,36.07,30,1082.1,2
2003,2,17,68,74.68,49,3659.32,5
2003,4,28,68,59.6,41,2443.6,5
2003,6,16,68,67.14,35,2349.9,5
2003,8,10,68,60.97,27,1646.19,5
2003,10,06,68,72.62,23,1670.26,5
2003,11,08,68,80.84,34,2748.56,5
2003,11,14,68,69.2,22,1522.4,5
2003,11,27,68,67.82,48,3255.36,5
2004,1,09,68,82.21,43,3535.03,5
2004,2,19,68,81.53,32,2608.96,5
2004,5,08,68,67.82,20,1356.4,5
2004,7,21,68,65.08,40,2603.2,5
2004,8,21,68,73.99,30,2219.7,5
2004,9,15,68,71.25,21,1496.25,5
2004,10,14,68,75.36,25,1884.0,5
2004,11,01,68,63.71,34,2166.14,5
2004,11,12,68,58.92,48,2828.16,5
2004,11,23,68,100.0,55,6214.45,5
2004,12,03,68,74.68,25,1867.0,5
2005,1,31,68,70.44,38,2676.72,5
2005,3,30,68,57.55,28,1611.4,5
2005,4,01,68,61.66,24,1479.84,5
2003,3,18,117,100.0,46,5942.28,2
2003,5,21,117,93.95,25,2348.75,2
2003,9,11,117,100.0,34,4392.12,2
2003,10,17,117,100.0,25,2759.75,2
2003,11,05,117,100.0,23,2728.03,2
2003,11,12,117,100.0,20,2395.8,2
2003,11,20,117,100.0,23,3052.33,2
2003,12,02,117,100.0,42,4242.0,2
2004,1,22,117,100.0,27,2790.45,2
2004,3,02,117,100.0,33,4340.49,2
2004,4,13,117,98.65,28,2762.2,2
2004,7,07,117,100.0,43,4645.72,2
2004,8,09,117,100.0,48,5580.96,2
2004,9,01,117,100.0,48,6539.04,2
2003,10,06,117,100.0,45,5548.95,2
2004,10,16,117,100.0,43,4595.41,2
2004,11,17,117,42.26,44,1859.44,2
2004,11,29,117,87.24,24,2093.76,2
2005,1,19,117,100.0,31,4223.13,2
2005,2,16,117,36.29,44,1596.76,2
2003,3,10,37,32.1,29,930.9,2
2003,5,08,37,30.96,39,1207.44,2
2003,7,02,37,35.87,20,717.4,2
2003,9,05,37,42.67,25,1066.75,2
2003,10,11,37,37.0,42,1554.0,2
2003,11,05,37,35.49,36,1277.64,2
2003,11,12,37,42.67,37,1578.79,2
2003,11,20,37,30.59,30,917.7,2
2003,12,02,37,37.0,21,777.0,2
2004,1,16,37,43.42,34,1476.28,2
2004,2,22,37,36.63,42,1538.46,2
2004,4,12,37,44.56,20,891.2,2
2004,7,06,37,40.4,34,1373.6,2
2004,8,06,37,38.89,31,1205.59,2
2004,8,30,37,39.65,36,1427.4,2
2003,10,05,37,34.36,48,1649.28,2
2004,10,16,37,41.91,33,1383.03,2
2004,11,04,37,33.23,37,1229.51,2
2004,11,17,37,42.24,27,1140.48,2
2004,11,24,37,40.4,39,1575.6,2
2004,12,07,37,38.52,36,1386.72,2
2005,2,10,37,100.0,41,5856.85,2
2005,3,04,37,100.0,37,4894.73,2
2005,4,14,37,44.56,47,2094.32,2
2005,5,17,37,42.67,15,640.05,2
2003,2,11,88,72.58,44,3193.52,4
2003,4,28,88,87.62,35,3066.7,4
2003,6,12,88,94.71,41,3883.11,4
2003,8,08,88,98.25,49,4814.25,4
2003,10,02,88,91.17,31,2826.27,4
2003,11,07,88,72.58,45,3266.1,4
2003,11,14,88,74.35,33,2453.55,4
2003,11,26,88,83.2,47,3910.4,4
2004,1,02,88,89.4,20,1788.0,4
2004,2,19,88,70.81,47,3328.07,4
2004,3,29,88,94.71,40,3788.4,4
2004,6,17,88,91.17,22,2005.74,4
2004,7,21,88,100.0,27,2796.12,4
2004,8,20,88,92.94,34,3159.96,4
2004,9,10,88,84.97,46,3908.62,4
2004,10,14,88,84.08,31,2606.48,4
2004,10,29,88,86.74,24,2081.76,4
2004,11,09,88,85.85,41,3519.85,4
2004,11,23,88,100.0,55,10758.0,4
2004,12,02,88,100.0,30,3021.0,4
2005,1,31,88,57.32,33,1891.56,4
2005,2,23,88,97.87,43,4208.41,4
2005,3,23,88,83.2,27,2246.4,4
2003,3,18,85,73.62,27,1987.74,2
2003,5,21,85,83.04,49,4068.96,2
2003,9,11,85,73.62,31,2282.22,2
2003,10,17,85,77.05,20,1541.0,2
2003,11,05,85,81.33,24,1951.92,2
2003,11,12,85,94.17,33,3107.61,2
2003,11,20,85,72.77,32,2328.64,2
2003,12,02,85,79.62,40,3184.8,2
2004,1,16,85,79.62,27,2149.74,2
2004,3,02,85,79.62,40,3184.8,2
2004,4,13,85,81.33,26,2114.58,2
2004,7,07,85,96.74,44,4256.56,2
2004,8,09,85,71.06,33,2344.98,2
2004,9,01,85,68.49,34,2328.66,2
2003,10,06,85,74.48,48,3575.04,2
2004,10,16,85,83.04,25,2076.0,2
2004,11,04,85,84.75,39,3305.25,2
2004,11,17,85,34.19,45,1538.55,2
2004,11,29,85,100.0,24,3325.92,2
2005,1,19,85,79.62,46,3662.52,2
2005,2,16,85,79.06,44,3478.64,2
2003,3,03,61,63.07,30,1892.1,2
2003,5,08,61,50.21,34,1707.14,2
2003,7,02,61,66.13,27,1785.51,2
2003,9,05,61,68.58,30,2057.4,2
2003,10,10,61,69.8,50,3490.0,2
2003,11,04,61,50.21,34,1707.14,2
2003,11,12,61,65.52,23,1506.96,2
2003,11,20,61,60.01,48,2880.48,2
2003,12,02,61,64.9,34,2206.6,2
2004,1,15,61,48.98,48,2351.04,2
2004,2,22,61,50.21,24,1205.04,2
2004,4,09,61,62.45,47,2935.15,2
2004,7,06,61,62.45,47,2935.15,2
2004,8,02,61,61.23,20,1224.6,2
2004,8,30,61,67.97,20,1359.4,2
2003,10,04,61,58.78,31,1822.18,2
2004,10,16,61,56.94,38,2163.72,2
2004,11,03,61,61.23,26,1591.98,2
2004,11,17,61,100.0,25,3078.5,2
2004,11,24,61,62.45,48,2997.6,2
2004,12,07,61,62.45,44,2747.8,2
2005,1,06,61,100.0,21,2447.76,2
2005,2,10,61,41.54,46,1910.84,2
2005,3,04,61,52.84,46,2430.64,2
2005,5,17,61,52.66,55,2896.3,2
2003,2,17,65,52.6,31,1630.6,4
2003,4,28,65,72.98,20,1459.6,4
2003,6,16,65,59.18,29,1716.22,4
2003,8,10,65,77.59,33,2560.47,4
2003,10,06,65,55.89,34,1900.26,4
2003,11,08,65,73.64,27,1988.28,4
2003,11,14,65,69.04,21,1449.84,4
2003,11,27,65,71.67,27,1935.09,4
2004,1,09,65,77.59,36,2793.24,4
2004,2,19,65,70.35,43,3025.05,4
2004,5,08,65,69.7,25,1742.5,4
2004,7,21,65,72.33,24,1735.92,4
2004,8,21,65,71.67,39,2795.13,4
2004,9,15,65,53.92,31,1671.52,4
2004,10,14,65,71.67,22,1576.74,4
2004,11,01,65,76.93,47,3615.71,4
2004,11,12,65,72.98,20,1459.6,4
2004,11,23,65,99.69,29,2891.01,4
2004,12,03,65,68.38,38,2598.44,4
2004,12,17,65,100.0,34,3871.92,4
2005,1,31,65,66.0,46,3036.0,4
2005,3,30,65,71.67,34,2436.78,4
2005,4,01,65,57.2,38,2173.6,4
2003,3,18,107,100.0,37,3724.42,2
2003,5,21,107,100.0,43,5203.0,2
2003,9,11,107,100.0,27,3469.5,2
2003,10,17,107,100.0,30,3148.2,2
2003,11,05,107,98.51,22,2167.22,2
2003,11,12,107,100.0,49,6244.07,2
2003,11,20,107,100.0,46,5566.0,2
2003,12,02,107,91.02,48,4368.96,2
2004,1,16,107,87.81,46,4039.26,2
2004,2,26,107,92.09,48,4420.32,2
2004,4,13,107,86.73,27,2341.71,2
2004,7,07,107,100.0,43,5110.98,2
2004,8,09,107,100.0,48,6168.0,2
2004,9,01,107,100.0,41,4873.26,2
2003,10,05,107,96.37,22,2120.14,2
2004,10,16,107,92.09,46,4236.14,2
2004,11,04,107,89.95,21,1888.95,2
2004,11,17,107,37.18,31,1152.58,2
2004,11,29,107,95.88,26,2492.88,2
2005,1,19,107,99.58,20,1991.6,2
2005,2,16,107,100.0,34,3953.18,2
2003,2,11,83,79.67,50,3983.5,4
2003,4,28,83,90.57,35,3169.95,4
2003,6,12,83,77.99,50,3899.5,4
2003,8,10,83,80.51,23,1851.73,4
2003,10,06,83,67.93,37,2513.41,4
2003,11,08,83,72.12,21,1514.52,4
2003,11,14,83,85.54,36,3079.44,4
2003,11,26,83,86.38,22,1900.36,4
2004,1,09,83,89.73,22,1974.06,4
2004,2,19,83,80.51,46,3703.46,4
2004,7,21,83,83.02,48,3984.96,4
2004,8,20,83,72.96,33,2407.68,4
2004,9,15,83,77.15,22,1697.3,4
2004,10,14,83,91.41,22,2011.02,4
2004,11,01,83,92.25,25,2306.25,4
2004,11,09,83,92.25,20,1845.0,4
2004,11,23,83,59.36,42,2493.12,4
2004,12,02,83,60.34,25,1508.5,4
2005,1,31,83,100.0,23,2394.3,4
2005,2,28,83,85.54,37,3164.98,4
2005,3,23,83,90.57,37,3351.09,4
2005,4,01,83,72.96,42,3064.32,4
2003,3,03,140,100.0,40,5448.8,2
2003,5,08,140,100.0,43,5494.97,2
2003,7,02,140,100.0,47,6336.07,2
2003,9,05,140,100.0,23,2906.97,2
2003,10,11,140,100.0,35,4767.7,2
2003,11,04,140,100.0,34,3819.56,2
2003,11,12,140,100.0,25,3861.75,2
2003,11,20,140,100.0,45,6319.35,2
2003,12,02,140,100.0,47,6996.42,2
2004,1,16,140,100.0,49,6949.67,2
2004,2,22,140,100.0,40,4550.0,2
2004,4,12,140,100.0,29,4479.63,2
2004,7,06,140,100.0,24,2932.08,2
2004,8,06,140,100.0,25,3159.75,2
2004,8,30,140,100.0,36,4297.32,2
2003,10,05,140,100.0,50,7723.5,2
2004,10,16,140,100.0,45,5497.65,2
2004,11,04,140,100.0,26,4052.88,2
2004,11,17,140,100.0,21,3135.93,2
2004,11,24,140,100.0,42,5013.54,2
2004,12,07,140,100.0,32,5302.72,2
2005,1,06,140,94.58,31,2931.98,2
2005,2,10,140,53.27,33,1757.91,2
2005,3,04,140,100.0,45,6763.05,2
2005,4,14,140,100.0,76,11739.7,2
2005,5,17,140,100.0,70,9240.0,2
2003,2,17,68,64.83,50,3241.5,5
2003,4,28,68,70.29,28,1968.12,5
2003,6,16,68,81.89,50,4094.5,5
2003,8,10,68,66.19,28,1853.32,5
2003,10,06,68,77.11,44,3392.84,5
2003,10,28,68,73.02,27,1971.54,5
2003,11,08,68,72.33,30,2169.9,5
2003,11,27,68,66.19,43,2846.17,5
2004,1,12,68,69.6,29,2018.4,5
2004,2,19,68,56.64,48,2718.72,5
2004,4,02,68,60.05,33,1981.65,5
2004,5,11,68,75.06,40,3002.4,5
2004,7,23,68,81.89,41,3357.49,5
2004,8,21,68,55.96,21,1175.16,5
2004,9,15,68,71.65,32,2292.8,5
2004,10,15,68,76.43,43,3286.49,5
2004,11,01,68,77.79,30,2333.7,5
2004,11,12,68,76.43,35,2675.05,5
2004,11,23,68,96.92,45,4361.4,5
2004,12,03,68,59.37,34,2018.58,5
2004,12,17,68,100.0,26,3710.98,5
2005,1,31,68,73.0,39,2847.0,5
2005,3,30,68,68.24,41,2797.84,5
2005,5,10,68,75.06,18,1351.08,5
2003,1,06,41,34.47,49,1689.03,4
2003,3,18,41,34.47,48,1654.56,4
2003,5,21,41,33.23,46,1528.58,4
2003,9,12,41,38.98,26,1013.48,4
2003,10,18,41,38.98,37,1442.26,4
2003,11,05,41,33.23,35,1163.05,4
2003,11,12,41,42.26,23,971.98,4
2003,11,21,41,41.03,22,902.66,4
2003,12,02,41,33.23,39,1295.97,4
2004,1,26,41,34.88,44,1534.72,4
2004,3,02,41,43.9,27,1185.3,4
2004,4,20,41,36.93,46,1698.78,4
2004,8,17,41,41.85,33,1381.05,4
2004,9,01,41,40.62,33,1340.46,4
2004,10,06,41,40.21,24,965.04,4
2004,10,21,41,35.29,31,1093.99,4
2004,11,17,41,77.24,41,3166.84,4
2004,11,29,41,97.44,22,2143.68,4
2005,1,19,41,37.34,46,1717.64,4
2005,2,16,41,95.03,43,4086.29,4
2005,4,22,41,36.93,15,553.95,4
2003,1,31,118,100.0,26,2921.62,2
2003,4,04,118,100.0,44,5568.64,2
2003,6,03,118,96.99,20,1939.8,2
2003,8,01,118,94.62,40,3784.8,2
2003,9,25,118,100.0,23,2802.09,2
2003,10,22,118,99.36,24,2384.64,2
2003,11,06,118,100.0,29,2915.66,2
2003,11,14,118,100.0,49,5795.72,2
2003,11,25,118,100.0,34,3699.88,2
2003,12,09,118,100.0,28,2980.6,2
2004,2,12,118,100.0,37,5032.74,2
2004,3,15,118,100.0,45,4737.15,2
2004,5,05,118,100.0,46,6311.2,2
2004,7,20,118,100.0,22,3070.54,2
2004,8,20,118,100.0,39,4797.39,2
2004,9,08,118,100.0,27,3832.38,2
2004,10,13,118,100.0,36,4641.48,2
2004,10,22,118,100.0,38,4000.26,2
2004,11,05,118,100.0,44,5325.76,2
2004,11,20,118,100.0,31,4618.69,2
2004,12,01,118,100.0,23,3182.97,2
2004,12,15,118,100.0,22,2603.04,2
2005,1,23,118,50.32,28,1408.96,2
2005,2,22,118,93.91,21,1972.11,2
2005,3,15,118,100.0,37,5207.75,2
2005,5,03,118,100.0,31,4253.2,2
2003,1,29,97,100.0,25,2873.0,4
2003,3,25,97,86.68,26,2253.68,4
2003,5,28,97,100.0,34,3576.12,4
2003,7,16,97,100.0,29,3276.13,4
2003,9,12,97,90.57,20,1811.4,4
2003,10,20,97,91.55,42,3845.1,4
2003,11,05,97,100.0,22,2571.14,4
2003,11,13,97,100.0,47,5035.11,4
2003,11,21,97,100.0,20,2279.0,4
2003,12,05,97,97.39,33,3213.87,4
2004,1,29,97,90.57,39,3532.23,4
2004,3,10,97,100.0,33,3406.59,4
2004,4,29,97,86.68,40,3467.2,4
2004,6,14,97,78.89,46,3628.94,4
2004,7,16,97,97.39,48,4674.72,4
2004,8,17,97,78.89,21,1656.69,4
2004,9,07,97,100.0,45,5171.4,4
2004,10,11,97,100.0,33,3342.57,4
2004,10,21,97,100.0,44,4884.88,4
2004,11,05,97,100.0,33,6267.69,4
2004,11,18,97,100.0,39,4424.16,4
2004,11,01,97,50.31,39,1962.09,4
2004,12,10,97,100.0,41,6847.0,4
2005,1,20,97,86.92,40,3476.8,4
2005,2,17,97,100.0,33,4592.61,4
2003,2,17,72,63.76,26,1657.76,5
2003,4,29,72,85.49,29,2479.21,5
2003,6,27,72,77.52,46,3565.92,5
2003,8,25,72,84.77,33,2797.41,5
2003,10,28,72,78.25,48,3756.0,5
2004,1,12,72,71.0,40,2840.0,5
2004,2,20,72,74.62,23,1716.26,5
2004,4,02,72,81.14,40,3245.6,5
2004,5,11,72,74.62,37,2760.94,5
2004,6,28,72,75.35,24,1808.4,5
2004,7,23,72,62.31,27,1682.37,5
2004,8,21,72,71.0,21,1491.0,5
2004,9,16,72,72.45,23,1666.35,5
2004,10,15,72,83.32,44,3666.08,5
2004,11,02,72,83.32,35,2916.2,5
2004,11,12,72,60.86,43,2616.98,5
2004,11,24,72,84.77,40,3390.8,5
2004,12,04,72,89.9,35,3146.5,5
2004,12,17,72,62.46,25,1561.5,5
2005,2,03,72,100.0,43,10039.6,5
2005,3,30,72,78.25,45,3521.25,5
2005,5,10,72,74.62,48,3581.76,5
2003,3,03,80,68.71,31,2130.01,2
2003,5,08,80,71.14,29,2063.06,2
2003,7,02,80,87.31,23,2008.13,2
2003,9,05,80,64.67,31,2004.77,2
2003,10,10,80,67.1,23,1543.3,2
2003,11,04,80,94.58,24,2269.92,2
2003,11,11,80,71.14,28,1991.92,2
2003,11,20,80,66.29,44,2916.76,2
2004,1,15,80,92.16,22,2027.52,2
2004,2,22,80,70.33,46,3235.18,2
2004,4,09,80,93.77,22,2062.94,2
2004,5,26,80,87.31,38,3317.78,2
2004,6,30,80,83.27,47,3913.69,2
2004,8,02,80,75.18,48,3608.64,2
2004,8,30,80,88.12,40,3524.8,2
2004,9,30,80,80.84,32,2586.88,2
2004,10,16,80,97.01,49,4753.49,2
2004,11,03,80,85.69,43,3684.67,2
2004,11,17,80,100.0,41,5715.4,2
2004,11,24,80,100.0,30,3098.7,2
2004,12,07,80,95.39,28,2670.92,2
2005,1,06,80,100.0,43,5154.41,2
2005,2,10,80,100.0,41,4894.17,2
2005,3,04,80,82.42,30,2472.6,2
2003,1,29,96,100.0,31,3224.31,3
2003,4,01,96,100.0,32,3667.52,3
2003,5,28,96,96.31,43,4141.33,3
2003,7,24,96,100.0,26,2829.58,3
2003,9,21,96,100.0,27,3068.55,3
2003,11,06,96,100.0,22,2436.72,3
2003,11,14,96,100.0,46,4607.36,3
2003,11,25,96,97.27,37,3598.99,3
2003,12,09,96,80.9,49,3964.1,3
2004,2,04,96,100.0,21,2244.9,3
2004,3,11,96,100.0,25,2793.0,3
2004,5,04,96,100.0,37,4133.64,3
2004,6,15,96,86.68,45,3900.6,3
2004,7,19,96,85.72,32,2743.04,3
2004,8,19,96,82.83,29,2402.07,3
2004,9,08,96,83.79,26,2178.54,3
2004,10,13,96,100.0,28,3155.04,3
2004,10,22,96,87.64,27,2366.28,3
2004,11,05,96,98.18,20,1963.6,3
2004,11,19,96,100.0,44,4746.28,3
2004,11,01,96,100.0,42,6386.94,3
2004,12,10,96,100.0,41,4428.0,3
2005,1,23,96,100.0,26,4044.04,3
2005,2,17,96,100.0,26,2708.42,3
2005,5,01,96,100.0,26,2904.72,3
2003,2,24,99,92.9,20,1858.0,1
2003,4,29,99,100.0,22,2461.36,1
2003,6,27,99,100.0,23,2642.01,1
2003,8,25,99,93.9,33,3098.7,1
2003,10,28,99,100.0,28,3244.36,1
2003,11,18,99,98.89,44,4351.16,1
2004,1,12,99,79.91,46,3675.86,1
2004,2,20,99,100.0,21,2475.27,1
2004,4,02,99,100.0,41,4177.49,1
2004,5,11,99,100.0,31,3282.28,1
2004,6,28,99,79.91,31,2477.21,1
2004,7,23,99,81.91,23,1883.93,1
2004,8,27,99,98.89,37,3658.93,1
2004,9,16,99,100.0,26,2856.88,1
2004,10,15,99,79.91,24,1917.84,1
2004,11,02,99,100.0,47,5305.36,1
2004,11,15,99,63.91,45,2875.95,1
2004,11,24,99,100.0,55,6482.85,1
2004,12,04,99,81.17,46,3733.82,1
2005,1,06,99,100.0,50,6576.5,1
2005,2,03,99,100.0,37,6353.27,1
2005,3,02,99,94.9,44,4175.6,1
2005,5,10,99,100.0,45,4764.6,1
2003,3,03,40,43.45,27,1173.15,1
2003,5,08,40,44.66,31,1384.46,1
2003,7,02,40,40.23,33,1327.59,1
2003,8,25,40,35.8,31,1109.8,1
2003,10,10,40,35.4,35,1239.0,1
2003,11,04,40,39.83,26,1035.58,1
2003,11,11,40,45.46,34,1545.64,1
2003,11,19,40,32.99,46,1517.54,1
2004,1,15,40,42.24,41,1731.84,1
2004,2,21,40,39.43,43,1695.49,1
2004,4,05,40,40.23,26,1045.98,1
2004,5,26,40,48.28,36,1738.08,1
2004,6,30,40,32.59,20,651.8,1
2004,8,02,40,36.61,27,988.47,1
2004,8,27,40,41.03,37,1518.11,1
2004,9,30,40,42.24,24,1013.76,1
2004,10,16,40,43.05,36,1549.8,1
2004,11,03,40,38.22,29,1108.38,1
2004,11,17,40,100.0,28,4102.56,1
2004,11,24,40,100.0,29,3713.16,1
2004,12,07,40,39.83,38,1513.54,1
2005,1,06,40,48.28,48,2317.44,1
2005,2,10,40,82.46,40,3298.4,1
2005,3,04,40,44.56,41,1826.96,1
2005,4,08,40,40.23,30,1206.9,1
2003,1,31,54,47.62,35,1666.7,3
2003,4,01,54,55.73,28,1560.44,3
2003,6,03,54,51.95,45,2337.75,3
2003,8,01,54,45.99,24,1103.76,3
2003,9,21,54,63.85,41,2617.85,3
2003,10,22,54,45.99,48,2207.52,3
2003,11,06,54,63.31,50,3165.5,3
2003,11,14,54,62.77,33,2071.41,3
2003,11,25,54,43.29,32,1385.28,3
2003,12,09,54,60.06,27,1621.62,3
2004,2,10,54,55.19,35,1931.65,3
2004,3,11,54,54.11,23,1244.53,3
2004,5,05,54,48.7,35,1704.5,3
2004,6,15,54,43.83,40,1753.2,3
2004,7,20,54,47.62,35,1666.7,3
2004,8,19,54,55.19,31,1710.89,3
2004,9,08,54,46.53,50,2326.5,3
2004,10,13,54,57.9,40,2316.0,3
2004,10,22,54,45.45,38,1727.1,3
2004,11,05,54,100.0,38,8844.12,3
2004,11,19,54,60.6,40,2424.0,3
2004,12,01,54,46.53,33,1535.49,3
2004,12,15,54,100.0,36,6358.68,3
2005,1,23,54,66.47,20,1329.4,3
2005,2,22,54,53.18,32,1701.76,3
2005,3,15,54,62.77,36,2259.72,3
2005,5,03,54,48.7,19,925.3,3
2003,1,31,62,65.87,49,3227.63,7
2003,4,11,62,63.38,27,1711.26,7
2003,6,03,62,70.84,29,2054.36,7
2003,8,08,62,74.57,42,3131.94,7
2003,9,25,62,50.95,33,1681.35,7
2003,10,22,62,53.44,44,2351.36,7
2003,11,06,62,64.0,22,1408.0,7
2003,11,14,62,50.95,48,2445.6,7
2003,11,25,62,54.68,33,1804.44,7
2003,12,09,62,56.55,45,2544.75,7
2004,2,12,62,52.82,20,1056.4,7
2004,3,15,62,60.9,46,2801.4,7
2004,5,05,62,49.71,40,1988.4,7
2004,7,20,62,64.63,45,2908.35,7
2004,8,20,62,59.65,36,2147.4,7
2004,9,08,62,67.73,31,2099.63,7
2004,10,14,62,50.33,46,2315.18,7
2004,10,22,62,66.49,35,2327.15,7
2004,11,05,62,100.0,28,5377.4,7
2004,11,20,62,84.71,31,2626.01,7
2004,12,02,62,100.0,27,4406.4,7
2004,12,15,62,100.0,22,4301.22,7
2005,1,23,62,99.55,30,2986.5,7
2005,2,22,62,36.07,44,1587.08,7
2005,3,15,62,60.28,30,1808.4,7
2005,5,05,62,49.71,24,1193.04,7
2003,1,29,64,75.63,45,3403.35,3
2003,3,26,64,68.52,23,1575.96,3
2003,5,28,64,62.7,26,1630.2,3
2003,7,24,64,60.76,28,1701.28,3
2003,9,19,64,58.18,49,2850.82,3
2003,11,06,64,74.98,29,2174.42,3
2003,11,13,64,64.64,49,3167.36,3
2003,11,25,64,54.94,39,2142.66,3
2003,12,05,64,58.82,36,2117.52,3
2004,2,04,64,62.05,39,2419.95,3
2004,3,11,64,73.04,30,2191.2,3
2004,5,04,64,69.16,44,3043.04,3
2004,6,15,64,61.41,20,1228.2,3
2004,7,19,64,63.35,21,1330.35,3
2004,8,19,64,77.57,36,2792.52,3
2004,9,08,64,71.75,32,2296.0,3
2004,10,11,64,73.04,36,2629.44,3
2004,10,22,64,56.24,34,1912.16,3
2004,11,05,64,100.0,48,8209.44,3
2004,11,18,64,73.69,33,2431.77,3
2004,11,01,64,100.0,31,3139.99,3
2004,12,10,64,100.0,36,5669.64,3
2005,1,20,64,100.0,25,3160.25,3
2005,2,17,64,100.0,48,6799.68,3
2005,5,01,64,69.16,27,1867.32,3
2003,2,17,68,72.92,33,2406.36,4
2003,4,29,68,72.23,29,2094.67,4
2003,6,27,68,57.1,49,2797.9,4
2003,8,13,68,81.86,20,1637.2,4
2003,10,28,68,73.61,31,2281.91,4
2004,1,12,68,59.16,39,2307.24,4
2004,2,20,68,66.04,20,1320.8,4
2004,4,02,68,77.73,34,2642.82,4
2004,5,11,68,61.22,50,3061.0,4
2004,7,23,68,63.97,28,1791.16,4
2004,8,21,68,81.86,50,4093.0,4
2004,9,16,68,79.8,28,2234.4,4
2004,10,15,68,66.04,46,3037.84,4
2004,11,01,68,59.16,24,1419.84,4
2004,11,12,68,81.17,24,1948.08,4
2004,11,24,68,59.16,39,2307.24,4
2004,12,04,68,44.51,40,1780.4,4
2004,12,17,68,72.33,49,3544.17,4
2005,2,03,68,82.26,44,3619.44,4
2005,3,03,68,100.0,35,3918.95,4
2005,3,30,68,67.41,22,1483.02,4
2005,5,10,68,61.22,26,1591.72,4
2003,3,03,102,100.0,31,3669.78,1
2003,5,07,102,86.74,25,2168.5,1
2003,7,02,102,89.8,30,2694.0,1
2003,8,25,102,100.0,27,3251.34,1
2003,10,10,102,100.0,23,2347.15,1
2003,11,04,102,100.0,34,3920.88,1
2003,11,11,102,100.0,22,2514.6,1
2003,11,19,102,85.72,42,3600.24,1
2004,1,15,102,100.0,37,4040.03,1
2004,2,21,102,100.0,30,3336.9,1
2004,4,05,102,100.0,27,3113.64,1
2004,5,26,102,100.0,25,2832.0,1
2004,6,30,102,97.97,34,3330.98,1
2004,8,02,102,100.0,38,4304.64,1
2004,8,27,102,100.0,26,2600.26,1
2004,9,30,102,100.0,38,4382.16,1
2004,10,15,102,84.7,50,4235.0,1
2004,11,03,102,100.0,22,2626.8,1
2004,11,17,102,100.0,32,5026.56,1
2004,11,24,102,71.02,31,2201.62,1
2004,12,07,102,100.0,40,4326.8,1
2005,1,07,102,100.0,22,3425.18,1
2005,2,03,102,100.0,41,4701.88,1
2005,3,04,102,48.98,45,2204.1,1
2005,4,08,102,100.0,45,5189.4,1
2003,2,17,43,40.15,39,1565.85,4
2003,4,29,43,50.62,49,2480.38,4
2003,6,27,43,50.19,27,1355.13,4
2003,8,10,43,36.66,34,1246.44,4
2003,10,08,43,41.02,20,820.4,4
2003,10,28,43,51.93,48,2492.64,4
2003,12,01,43,38.4,29,1113.6,4
2004,1,12,43,41.02,43,1763.86,4
2004,2,20,43,46.26,41,1896.66,4
2004,4,02,43,35.35,41,1449.35,4
2004,5,11,43,51.93,36,1869.48,4
2004,7,23,43,45.39,38,1724.82,4
2004,8,21,43,51.93,33,1713.69,4
2004,9,15,43,48.44,26,1259.44,4
2004,10,15,43,43.64,47,2051.08,4
2004,11,01,43,47.57,34,1617.38,4
2004,11,12,43,51.93,34,1765.62,4
2004,11,24,43,50.62,40,2024.8,4
2004,12,04,43,82.21,40,3288.4,4
2004,12,17,43,82.59,33,2725.47,4
2005,2,03,43,65.8,49,3224.2,4
2005,3,03,43,100.0,27,3211.38,4
2005,3,30,43,36.66,49,1796.34,4
2005,5,10,43,51.93,37,1921.41,4
2003,1,31,115,100.0,33,3705.24,3
2003,4,04,115,100.0,27,2843.91,3
2003,6,03,115,100.0,46,6176.42,3
2003,8,01,115,100.0,44,5500.44,3
2003,9,21,115,100.0,26,3220.1,3
2003,10,22,115,94.92,48,4556.16,3
2003,11,06,115,100.0,23,3114.89,3
2003,11,14,115,100.0,45,4948.2,3
2003,11,25,115,100.0,49,5161.17,3
2003,12,09,115,94.92,28,2657.76,3
2004,2,12,115,100.0,37,3983.05,3
2004,3,15,115,100.0,34,3974.94,3
2004,5,05,115,100.0,22,2928.42,3
2004,6,15,115,100.0,29,3054.57,3
2004,7,20,115,98.39,34,3345.26,3
2004,8,20,115,100.0,38,4310.72,3
2004,9,08,115,100.0,41,4983.14,3
2004,10,13,115,100.0,42,4618.32,3
2004,10,22,115,100.0,28,3403.12,3
2004,11,05,115,100.0,38,5190.42,3
2004,11,20,115,100.0,23,3141.57,3
2004,12,02,115,71.4,31,2213.4,3
2004,12,15,115,100.0,46,4896.7,3
2005,1,23,115,56.55,48,2714.4,3
2005,2,22,115,100.0,29,3087.05,3
2005,3,17,115,100.0,46,5692.96,3
2005,5,03,115,100.0,26,3460.86,3
2003,1,31,58,53.31,32,1705.92,7
2003,4,16,58,49.21,21,1033.41,7
2003,6,03,58,69.12,46,3179.52,7
2003,8,08,58,49.79,42,2091.18,7
2003,9,28,58,57.41,31,1779.71,7
2003,10,22,58,66.78,38,2537.64,7
2003,11,06,58,64.44,38,2448.72,7
2003,11,14,58,48.62,20,972.4,7
2003,11,26,58,62.09,46,2856.14,7
2004,1,02,58,65.61,30,1968.3,7
2004,2,12,58,68.54,30,2056.2,7
2004,3,15,58,52.14,43,2242.02,7
2004,5,05,58,63.85,49,3128.65,7
2004,7,20,58,56.82,43,2443.26,7
2004,8,20,58,66.78,37,2470.86,7
2004,9,08,58,55.07,35,1927.45,7
2004,10,14,58,60.34,34,2051.56,7
2004,10,22,58,61.51,38,2337.38,7
2004,11,05,58,100.0,44,5932.96,7
2004,11,21,58,100.0,21,2296.77,7
2004,12,02,58,100.0,44,6490.88,7
2004,12,15,58,64.93,25,1623.25,7
2005,1,26,58,58.58,24,1405.92,7
2005,2,22,58,60.06,38,2282.28,7
2005,3,17,58,100.0,45,8977.05,7
2005,5,05,58,63.85,51,3256.35,7
2003,3,03,81,82.99,34,2821.66,1
2003,5,07,81,74.85,44,3293.4,1
2003,7,02,81,96.0,44,4224.0,1
2003,8,25,81,81.36,38,3091.68,1
2003,10,10,81,71.6,31,2219.6,1
2003,11,04,81,80.55,48,3866.4,1
2003,11,11,81,93.56,21,1964.76,1
2003,11,19,81,66.72,40,2668.8,1
2004,1,15,81,80.55,40,3222.0,1
2004,2,21,81,77.29,50,3864.5,1
2004,4,05,81,68.34,20,1366.8,1
2004,5,26,81,72.41,48,3475.68,1
2004,6,30,81,89.5,47,4206.5,1
2004,8,02,81,70.78,21,1486.38,1
2004,8,27,81,78.92,39,3077.88,1
2004,9,30,81,80.55,44,3544.2,1
2004,10,15,81,88.68,28,2483.04,1
2004,11,03,81,77.29,45,3478.05,1
2004,11,17,81,100.0,20,3657.8,1
2004,11,24,81,100.0,38,4682.36,1
2004,12,09,81,100.0,26,3937.7,1
2005,1,07,81,100.0,44,4984.32,1
2005,2,03,81,100.0,49,5406.66,1
2005,3,04,81,100.0,22,3491.18,1
2005,4,08,81,68.34,31,2118.54,1
2003,2,11,66,70.67,41,2897.47,6
2003,4,28,66,76.67,25,1916.75,6
2003,6,12,66,60.0,31,1860.0,6
2003,8,08,66,64.0,41,2624.0,6
2003,9,28,66,64.67,43,2780.81,6
2003,11,07,66,76.0,24,1824.0,6
2003,11,14,66,54.0,21,1134.0,6
2003,11,26,66,64.67,23,1487.41,6
2004,1,02,66,74.67,38,2837.46,6
2004,2,19,66,62.67,31,1942.77,6
2004,3,29,66,70.67,36,2544.12,6
2004,6,17,66,62.0,34,2108.0,6
2004,7,21,66,65.34,21,1372.14,6
2004,8,20,66,78.67,45,3540.15,6
2004,9,10,66,75.34,26,1958.84,6
2004,10,14,66,54.0,50,2700.0,6
2004,10,29,66,62.0,41,2542.0,6
2004,11,09,66,60.0,39,2340.0,6
2004,11,23,66,100.0,22,2816.44,6
2004,12,02,66,76.67,46,3526.82,6
2005,1,31,66,100.0,44,4627.92,6
2005,2,28,66,77.34,25,1933.5,6
2005,3,23,66,66.67,39,2600.13,6
2003,2,17,91,100.0,31,3312.97,5
2003,4,29,91,82.21,47,3863.87,5
2003,6,27,91,77.64,24,1863.36,5
2003,8,10,91,100.0,36,3945.96,5
2003,10,08,91,100.0,48,4954.08,5
2003,10,28,91,98.65,28,2762.2,5
2003,12,01,91,83.12,48,3989.76,5
2004,1,12,91,78.55,21,1649.55,5
2004,2,20,91,100.0,25,2534.75,5
2004,4,02,91,100.0,25,2580.25,5
2004,5,11,91,91.34,31,2831.54,5
2004,7,23,91,89.51,32,2864.32,5
2004,8,21,91,83.12,24,1994.88,5
2004,9,15,91,100.0,42,4296.6,5
2004,10,15,91,100.0,21,2224.95,5
2004,11,01,91,82.21,34,2795.14,5
2004,11,12,91,100.0,27,2762.1,5
2004,11,24,91,88.6,30,2658.0,5
2004,12,04,91,100.0,39,5043.87,5
2004,12,17,91,60.54,20,1210.8,5
2005,2,03,91,81.87,37,3029.19,5
2005,3,03,91,100.0,46,10066.6,5
2005,3,30,91,87.69,47,4121.43,5
2005,5,10,91,91.34,23,2100.82,5
2003,2,11,86,70.15,29,2034.35,6
2003,4,16,86,79.68,38,3027.84,6
2003,6,06,86,97.0,32,3104.0,6
2003,8,08,86,84.01,43,3612.43,6
2003,9,28,86,87.48,31,2711.88,6
2003,10,21,86,100.0,29,3013.97,6
2003,11,07,86,88.34,31,2738.54,6
2003,11,14,86,94.4,30,2832.0,6
2003,11,26,86,94.4,50,4720.0,6
2004,1,02,86,80.55,40,3222.0,6
2004,2,18,86,97.0,23,2231.0,6
2004,3,20,86,88.34,26,2296.84,6
2004,7,21,86,100.0,21,2146.2,6
2004,8,20,86,86.61,43,3724.23,6
2004,9,09,86,71.89,29,2084.81,6
2004,10,14,86,91.81,38,3488.78,6
2004,10,22,86,76.22,23,1753.06,6
2004,11,21,86,70.3,36,2530.8,6
2004,12,02,86,100.0,28,2924.32,6
2005,1,26,86,100.0,44,4496.8,6
2005,2,23,86,100.0,49,6397.44,6
2005,3,28,86,80.55,32,2577.6,6
2003,2,17,90,100.0,30,3177.3,6
2003,4,28,90,94.14,29,2730.06,6
2003,6,16,90,85.99,22,1891.78,6
2003,8,10,90,100.0,26,2612.48,6
2003,10,06,90,91.43,32,2925.76,6
2003,11,08,90,96.86,34,3293.24,6
2003,11,14,90,99.57,24,2389.68,6
2003,11,26,90,90.52,24,2172.48,6
2004,1,09,90,88.71,33,2927.43,6
2004,2,19,90,100.0,26,2659.54,6
2004,5,08,90,95.95,40,3838.0,6
2004,7,21,90,90.52,24,2172.48,6
2004,8,20,90,94.14,20,1882.8,6
2004,9,15,90,100.0,34,3477.86,6
2004,10,14,90,97.76,34,3323.84,6
2004,11,01,90,93.24,45,4195.8,6
2004,11,12,90,100.0,41,4156.58,6
2004,11,23,90,71.25,55,3918.75,6
2004,12,03,90,100.0,23,2352.67,6
2004,12,17,90,45.39,24,1089.36,6
2005,1,31,90,84.41,32,2701.12,6
2005,3,30,90,100.0,36,3910.32,6
2005,4,01,90,87.8,46,4038.8,6
2003,2,17,99,100.0,34,3763.46,5
2003,4,29,99,100.0,24,2584.8,5
2003,6,16,99,100.0,40,4427.6,5
2003,8,10,99,82.77,26,2152.02,5
2003,10,06,99,100.0,20,2353.4,5
2003,10,28,99,100.0,31,3431.39,5
2003,11,08,99,87.75,22,1930.5,5
2003,11,27,99,100.0,42,4774.56,5
2004,1,12,99,99.72,26,2592.72,5
2004,2,19,99,87.75,37,3246.75,5
2004,4,02,99,88.75,38,3372.5,5
2004,5,11,99,100.0,35,3909.15,5
2004,7,23,99,100.0,39,4472.52,5
2004,8,21,99,100.0,45,4576.95,5
2004,9,15,99,100.0,24,2441.04,5
2004,10,15,99,88.75,35,3106.25,5
2004,11,01,99,100.0,23,2706.41,5
2004,11,12,99,100.0,37,4021.53,5
2004,11,24,99,87.75,55,4826.25,5
2004,12,03,99,100.0,49,4935.28,5
2004,12,17,99,100.0,26,2754.7,5
2005,2,03,99,100.0,33,3856.71,5
2005,3,30,99,86.76,22,1908.72,5
2005,5,10,99,100.0,22,2457.18,5
2003,2,11,72,65.77,31,2038.87,6
2003,4,28,72,65.77,38,2499.26,6
2003,6,12,72,85.29,45,3838.05,6
2003,8,10,72,85.29,31,2643.99,6
2003,10,02,72,64.33,36,2315.88,6
2003,11,07,72,76.62,32,2451.84,6
2003,11,14,72,57.82,39,2254.98,6
2003,11,26,72,78.79,50,3939.5,6
2004,1,02,72,74.45,46,3424.7,6
2004,2,19,72,80.95,36,2914.2,6
2004,3,29,72,82.4,29,2389.6,6
2004,6,17,72,68.67,44,3021.48,6
2004,7,21,72,62.16,42,2610.72,6
2004,8,20,72,65.77,47,3091.19,6
2004,9,10,72,58.55,44,2576.2,6
2004,10,14,72,75.17,43,3232.31,6
2004,11,01,72,74.45,48,3573.6,6
2004,11,23,72,74.35,50,3717.5,6
2004,12,02,72,75.35,29,2185.15,6
2005,1,31,72,70.33,41,2883.53,6
2005,3,28,72,66.5,22,1463.0,6
2003,1,29,101,100.0,42,4460.82,2
2003,4,01,101,100.0,42,4758.18,2
2003,5,28,101,100.0,45,4597.2,2
2003,7,24,101,100.0,36,4114.8,2
2003,9,19,101,100.0,20,2104.0,2
2003,11,06,101,85.98,42,3611.16,2
2003,11,13,101,86.99,23,2000.77,2
2003,11,25,101,89.01,26,2314.26,2
2003,12,05,101,100.0,33,3871.89,2
2004,2,04,101,88.0,31,2728.0,2
2004,3,11,101,100.0,50,5614.0,2
2004,5,04,101,100.0,44,4628.8,2
2004,6,15,101,80.92,45,3641.4,2
2004,7,19,101,88.0,46,4048.0,2
2004,8,19,101,85.98,27,2321.46,2
2004,9,08,101,100.0,28,3256.96,2
2004,10,11,101,100.0,40,4208.0,2
2004,10,22,101,99.13,30,2973.9,2
2004,11,05,101,100.0,34,4248.3,2
2004,11,20,101,100.0,46,9558.8,2
2004,11,01,101,82.83,32,2650.56,2
2004,12,10,101,100.0,27,3761.37,2
2005,1,23,101,100.0,34,4301.34,2
2005,2,17,101,54.84,34,1864.56,2
2005,5,01,101,100.0,34,3576.8,2
2003,2,17,118,100.0,32,3986.56,5
2003,4,29,118,100.0,24,3417.12,5
2003,6,27,118,99.67,27,2691.09,5
2003,8,25,118,100.0,20,2752.6,5
2003,10,28,118,100.0,36,4527.72,5
2003,11,18,118,100.0,29,3957.05,5
2004,1,12,118,100.0,25,2818.0,5
2004,2,20,118,100.0,29,3199.86,5
2004,4,02,118,96.11,25,2402.75,5
2004,5,11,118,100.0,44,6055.72,5
2004,6,28,118,100.0,47,5465.16,5
2004,7,23,118,100.0,48,6378.72,5
2004,8,27,118,100.0,45,5392.8,5
2004,9,16,118,100.0,35,3986.5,5
2004,10,15,118,100.0,31,4009.23,5
2004,11,02,118,100.0,50,7119.0,5
2004,11,12,118,100.0,33,4072.2,5
2004,11,24,118,100.0,29,4094.51,5
2004,12,04,118,68.8,48,3302.4,5
2004,12,17,118,72.42,44,3186.48,5
2005,2,03,118,66.73,25,1668.25,5
2005,3,03,118,100.0,50,7154.5,5
2005,3,30,118,100.0,23,2810.83,5
2005,5,10,118,100.0,41,5642.83,5
2003,2,17,80,74.4,44,3273.6,5
2003,4,29,80,76.0,43,3268.0,5
2003,8,10,80,96.0,28,2688.0,5
2003,10,06,80,86.4,43,3715.2,5
2003,10,28,80,96.0,48,4608.0,5
2003,12,01,80,82.4,38,3131.2,5
2004,1,12,80,86.4,31,2678.4,5
2004,2,20,80,67.2,26,1747.2,5
2004,4,02,80,92.0,32,2944.0,5
2004,5,11,80,67.2,44,2956.8,5
2004,7,23,80,73.6,43,3164.8,5
2004,8,21,80,69.6,25,1740.0,5
2004,9,15,80,80.8,22,1777.6,5
2004,10,15,80,87.2,21,1831.2,5
2004,11,01,80,75.2,48,3609.6,5
2004,11,12,80,64.0,33,2112.0,5
2004,11,24,80,100.0,34,3644.12,5
2004,12,04,80,81.95,43,3523.85,5
2004,12,17,80,100.0,44,5001.92,5
2005,2,03,80,100.0,44,5208.72,5
2005,3,30,80,65.6,29,1902.4,5
2005,5,10,80,67.2,39,2620.8,5
2003,2,11,100,81.14,39,3164.46,6
2003,4,21,100,100.0,36,4219.2,6
2003,6,12,100,91.15,42,3828.3,6
2003,8,08,100,100.0,21,2334.99,6
2003,9,28,100,88.15,50,4407.5,6
2003,11,07,100,92.16,44,4055.04,6
2003,11,14,100,100.0,37,3891.66,6
2003,11,26,100,92.16,27,2488.32,6
2004,1,02,100,100.0,37,4447.4,6
2004,2,19,100,100.0,38,4187.22,6
2004,3,20,100,96.16,48,4615.68,6
2004,6,17,100,88.15,25,2203.75,6
2004,7,21,100,86.15,40,3446.0,6
2004,8,20,100,88.15,22,1939.3,6
2004,9,10,100,100.0,34,3473.78,6
2004,10,14,100,90.15,32,2884.8,6
2004,10,29,100,86.15,31,2670.65,6
2004,11,21,100,89.38,31,2770.78,6
2004,12,02,100,77.34,31,2397.54,6
2005,1,31,100,96.34,34,3275.56,6
2005,3,28,100,100.0,48,5192.64,6
2003,2,11,99,100.0,22,2556.18,6
2003,4,16,99,83.42,45,3753.9,6
2003,6,12,99,85.41,30,2562.3,6
2003,8,08,99,85.41,38,3245.58,6
2003,9,28,99,100.0,20,2204.6,6
2003,11,07,99,100.0,24,2526.48,6
2003,11,14,99,79.45,22,1747.9,6
2003,11,26,99,93.35,35,3267.25,6
2004,1,02,99,85.41,33,2818.53,6
2004,2,19,99,95.34,31,2955.54,6
2004,3,20,99,82.43,35,2885.05,6
2004,6,17,99,81.43,50,4071.5,6
2004,7,21,99,100.0,26,2969.46,6
2004,8,20,99,89.38,38,3396.44,6
2004,9,10,99,100.0,45,4692.6,6
2004,10,14,99,100.0,30,3515.7,6
2004,10,29,99,91.37,37,3380.69,6
2004,11,21,99,71.89,36,2588.04,6
2004,12,02,99,100.0,25,2854.75,6
2005,1,31,99,100.0,37,4025.6,6
2005,3,28,99,100.0,36,3789.72,6
2003,2,17,74,61.44,48,2949.12,5
2003,4,28,74,59.22,26,1539.72,5
2003,6,16,74,85.13,26,2213.38,5
2003,8,10,74,85.87,34,2919.58,5
2003,10,06,74,85.87,44,3778.28,5
2003,10,28,74,82.91,39,3233.49,5
2003,11,08,74,76.25,45,3431.25,5
2003,11,27,74,63.67,40,2546.8,5
2004,1,12,74,70.33,42,2953.86,5
2004,2,19,74,74.03,43,3183.29,5
2004,4,02,74,72.55,34,2466.7,5
2004,5,11,74,62.19,38,2363.22,5
2004,7,23,74,72.55,31,2249.05,5
2004,8,21,74,64.41,32,2061.12,5
2004,9,15,74,86.62,47,4071.14,5
2004,10,15,74,68.11,39,2656.29,5
2004,11,01,74,62.19,44,2736.36,5
2004,11,12,74,85.87,39,3348.93,5
2004,11,23,74,57.86,50,2893.0,5
2004,12,03,74,75.51,22,1661.22,5
2004,12,17,74,100.0,35,4277.35,5
2005,1,31,74,55.62,45,2502.9,5
2005,3,30,74,87.36,36,3144.96,5
2005,5,10,74,62.19,43,2674.17,5
2003,2,17,49,52.64,48,2526.72,5
2003,4,28,49,48.17,28,1348.76,5
2003,6,16,49,41.71,21,875.91,5
2003,8,10,49,50.65,37,1874.05,5
2003,10,06,49,49.16,34,1671.44,5
2003,11,08,49,51.15,45,2301.75,5
2003,11,14,49,52.14,28,1459.92,5
2003,11,26,49,41.71,29,1209.59,5
2004,1,09,49,44.69,48,2145.12,5
2004,2,19,49,45.69,31,1416.39,5
2004,5,08,49,57.61,32,1843.52,5
2004,7,21,49,58.6,32,1875.2,5
2004,8,20,49,57.61,43,2477.23,5
2004,9,15,49,45.19,21,948.99,5
2004,10,14,49,53.63,34,1823.42,5
2004,11,01,49,43.7,34,1485.8,5
2004,11,15,49,86.13,44,3789.72,5
2004,11,23,49,76.31,27,2060.37,5
2004,12,03,49,52.64,49,2579.36,5
2004,12,17,49,95.2,23,2189.6,5
2005,1,31,49,64.97,25,1624.25,5
2005,3,30,49,40.22,34,1367.48,5
2005,4,01,49,56.12,20,1122.4,5
2003,2,11,54,56.78,25,1419.5,6
2003,4,16,54,43.68,50,2184.0,6
2003,6,12,54,64.97,32,2079.04,6
2003,8,08,54,44.23,39,1724.97,6
2003,9,28,54,60.06,50,3003.0,6
2003,11,07,54,50.23,40,2009.2,6
2003,11,14,54,64.43,28,1804.04,6
2003,11,26,54,50.23,42,2109.66,6
2004,1,02,54,63.88,42,2682.96,6
2004,2,19,54,63.34,36,2280.24,6
2004,3,20,54,49.69,24,1192.56,6
2004,6,17,54,50.78,29,1472.62,6
2004,7,21,54,45.86,37,1696.82,6
2004,8,20,54,51.32,33,1693.56,6
2004,9,09,54,60.06,32,1921.92,6
2004,10,14,54,59.51,35,2082.85,6
2004,10,29,54,55.69,40,2227.6,6
2004,11,21,54,97.16,42,4080.72,6
2004,12,02,54,100.0,20,2244.4,6
2005,1,31,54,100.0,29,3978.51,6
2005,3,28,54,62.24,34,2116.16,6
